iso3,year,pop,gdp_pc
AGO,2003,17943712,2403.40415157038
AGO,2004,18600423,2583.32411461288
AGO,2005,19291161,2843.3966357968
AGO,2006,20015279,3065.05576243895
AGO,2007,20778561,3336.36332465208
AGO,2008,21578655,3559.19522512236
AGO,2009,22414773,3494.80724466172
AGO,2010,23294825,3540.79159568381
AGO,2011,24218352,3528.16824373399
AGO,2012,25177394,3682.35229322763
AGO,2013,26165620,3716.29718727282
AGO,2014,27160769,3746.81619978613
AGO,2015,28157798,3607.5102039943868
AGO,2016,29183070,3468.2042082026433
AGO,2017,30234839,3328.8982124109
AGO,2018,31297155,3196.79006983557
AGO,2019,32375632,3030.47576510225
AGO,2020,33451132,2864.16146036893
AGO,2021,34532429,2832.81777132286
ALB,2003,3039616,2428.68934653563
ALB,2004,3026939,2567.29763687121
ALB,2005,3011487,2712.86983830331
ALB,2006,2992547,2894.36032580174
ALB,2007,2970017,3105.8796756386
ALB,2008,2947314,3345.98161761476
ALB,2009,2927519,3459.24695646692
ALB,2010,2913021,3579.82413181046
ALB,2011,2905195,3677.89457937717
ALB,2012,2860708,3771.84781862015
ALB,2013,2816902,3895.89975621942
ALB,2014,2773767,4045.11934884933
ALB,2015,2731293,4246.156494768414
ALB,2016,2689469,4447.193640687497
ALB,2017,2648285,4648.23078660658
ALB,2018,2607733,4893.82375538717
ALB,2019,2567801,4937.220375317065
ALB,2020,2528480,4980.61699524696
ALB,2021,2489762,5511.75743402862
ARE,2003,4192457,53619.1925678774
ARE,2004,4428967,55611.419401142
ARE,2005,4664790,55363.5661047143
ARE,2006,5009100,56629.9761392644
ARE,2007,5624635,52038.6159567932
ARE,2008,6302664,47922.6988207823
ARE,2009,6707058,42672.1987890808
ARE,2010,6869838,42328.8508165469
ARE,2011,7104538,43687.7782783233
ARE,2012,7391448,43958.5681120856
ARE,2013,7693031,44312.6337162614
ARE,2014,8059440,44257.6514761082
ARE,2015,8505237,43936.107778232166
ARE,2016,8935095,43614.56408035613
ARE,2017,9223225,43293.0203824801
ARE,2018,9346701,43377.7858697225
ARE,2019,9445785,41628.13014870875
ARE,2020,9401038,39878.474427695
ARE,2021,9575152,40935.8936567784
ARG,2003,38424282,9545.53194119994
ARG,2004,38815916,10302.4465316428
ARG,2005,39216789,11099.7509190602
ARG,2006,39622115,11870.2791559298
ARG,2007,40016763,12811.9021206578
ARG,2008,40424148,13197.3570267029
ARG,2009,40854831,12285.3784651865
ARG,2010,41288694,13387.1553748458
ARG,2011,41730660,14040.6189124444
ARG,2012,42161721,13754.4254235596
ARG,2013,42582455,13946.0950832252
ARG,2014,43024071,13456.1319159151
ARG,2015,43477012,13477.458938815367
ARG,2016,43900313,13498.785961715634
ARG,2017,44288894,13520.1129846159
ARG,2018,44654882,13058.3285449954
ARG,2019,44973465,12225.68957039155
ARG,2020,45191965,11393.0505957877
ARG,2021,45312281,12549.2811699342
ATG,2003,77884,15703.9347145491
ATG,2004,78719,16433.4130541483
ATG,2005,79611,17301.2134317518
ATG,2006,80604,19259.6486517907
ATG,2007,81704,20770.2689732844
ATG,2008,82912,20464.786306605
ATG,2009,84173,17746.700856041
ATG,2010,85320,16135.397384487
ATG,2011,86332,15633.9091131821
ATG,2012,87260,15989.3900199779
ATG,2013,88064,15748.1952024226
ATG,2014,88765,15967.284996712
ATG,2015,89409,16309.167580982534
ATG,2016,89969,16651.050165253066
ATG,2017,90468,16992.9327495236
ATG,2018,90926,18042.1596435727
ATG,2019,91364,16496.52694164675
ATG,2020,91846,14950.8942397208
ATG,2021,92349,16084.7214406048
AUS,2003,19720737,48509.6632180363
AUS,2004,19932722,50018.5904483861
AUS,2005,20176844,50972.640519744
AUS,2006,20450966,51682.8925230537
AUS,2007,20827622,52671.325846724
AUS,2008,21249199,53497.275355342
AUS,2009,21691653,53430.5274781651
AUS,2010,22031750,53768.349733441
AUS,2011,22340024,54296.2321324814
AUS,2012,22733465,55465.4462872577
AUS,2013,23128129,55966.1509270561
AUS,2014,23475686,56571.8062524437
AUS,2015,23815995,57045.127950740134
AUS,2016,24190907,57518.449649036564
AUS,2017,24592588,57991.771347333
AUS,2018,24963258,58772.7063152213
AUS,2019,25334826,58575.236683500756
AUS,2020,25649248,58377.7670517802
AUS,2021,25685412,59465.535671364
BEL,2003,10376133,36826.2699296094
BEL,2004,10421137,37976.6972967442
BEL,2005,10478617,38645.2605193362
BEL,2006,10547958,39371.0858277448
BEL,2007,10625700,40520.0843207009
BEL,2008,10709973,40380.9075004042
BEL,2009,10796493,39293.637546825
BEL,2010,10895586,39991.5646206286
BEL,2011,11038264,40236.9596308558
BEL,2012,11106932,40074.492800399
BEL,2013,11159407,40007.8997891411
BEL,2014,11209057,40533.9135027898
BEL,2015,11274196,40895.7185449162
BEL,2016,11331422,41257.523587042604
BEL,2017,11375158,41619.328629169
BEL,2018,11427054,42208.3625650272
BEL,2019,11488980,41488.6921861617
BEL,2020,11538604,40769.0218072962
BEL,2021,11586195,43140.9676652971
BEN,2003,7913070,896.146763201736
BEN,2004,8159094,907.624431209378
BEN,2005,8426144,893.91536869992
BEN,2006,8693242,900.62053578735
BEN,2007,8953969,926.740113754071
BEN,2008,9228466,943.203380303862
BEN,2009,9509423,936.565651071554
BEN,2010,9797484,928.246655329144
BEN,2011,10093623,927.716412836707
BEN,2012,10397657,943.918771531001
BEN,2013,10708834,982.399206290516
BEN,2014,11030004,1014.4330062135
BEN,2015,11360681,1020.5902414562734
BEN,2016,11697842,1026.7474766990467
BEN,2017,12039780,1032.90471194182
BEN,2018,12383347,1071.50452156932
BEN,2019,12726755,1099.07928139543
BEN,2020,13070169,1126.65404122154
BEN,2021,13413417,1176.37727637273
BGD,2003,140970351,676.826252046427
BGD,2004,142902856,702.656357081873
BGD,2005,144715786,739.203718353409
BGD,2006,146405973,779.419570444998
BGD,2007,147989278,825.508229964537
BGD,2008,149474264,866.45815762135
BGD,2009,150873714,901.729626251937
BGD,2010,152201981,943.66422864236
BGD,2011,153591076,995.579947155662
BGD,2012,155070101,1050.39140404066
BGD,2013,156532141,1103.15695907123
BGD,2014,157964929,1159.40753475981
BGD,2015,159383179,1230.8562356404934
BGD,2016,160811932,1302.3049365211766
BGD,2017,162186147,1373.75363740186
BGD,2018,163523103,1462.25050255713
BGD,2019,164913055,1533.458213015665
BGD,2020,166298024,1604.6659234742
BGD,2021,167658854,1702.08028414189
BGR,2003,7775327,4519.18439177056
BGR,2004,7716860,4849.87141310477
BGR,2005,7658972,5231.33811895255
BGR,2006,7601022,5629.80127993005
BGR,2007,7545338,6048.74231752797
BGR,2008,7492561,6464.72198023576
BGR,2009,7444443,6288.72543188686
BGR,2010,7395599,6428.71742590538
BGR,2011,7348328,6605.30851691027
BGR,2012,7305888,6693.4277325127
BGR,2013,7160005,6792.73549964735
BGR,2014,7073572,6941.01853946718
BGR,2015,6984225,7260.248003023627
BGR,2016,6894139,7579.477466580073
BGR,2017,6803468,7898.70693013652
BGR,2018,6710798,8194.37434587757
BGR,2019,6616726,8317.228696544746
BGR,2020,6550696,8440.08304721192
BGR,2021,6507301,9161.47737990726
BHR,2003,764517,23857.6403579769
BHR,2004,823741,23688.1121059225
BHR,2005,888822,23439.6704353038
BHR,2006,960424,23095.0181330228
BHR,2007,1039295,23112.4888058398
BHR,2008,1103496,23127.2148040048
BHR,2009,1178415,22206.9371985225
BHR,2010,1228543,22224.0736166249
BHR,2011,1195020,23288.0449398313
BHR,2012,1208964,23894.8804447088
BHR,2013,1253191,24271.6278814506
BHR,2014,1314562,24135.4991304849
BHR,2015,1370322,23959.295003700365
BHR,2016,1423726,23783.090876915834
BHR,2017,1501116,23606.8867501313
BHR,2018,1503091,24059.7838641562
BHR,2019,1483756,23823.3574111539
BHR,2020,1472204,23586.9309581516
BHR,2021,1504365,24086.7847803428
BLZ,2003,263780,6274.47428279313
BLZ,2004,271688,6383.07432412662
BLZ,2005,279731,6337.12389222378
BLZ,2006,287878,6435.58767337678
BLZ,2007,296100,6465.82885846045
BLZ,2008,304361,6187.95885023655
BLZ,2009,312614,5997.68447156383
BLZ,2010,320245,5937.75398343789
BLZ,2011,327298,5802.24344531492
BLZ,2012,334414,5902.74234696881
BLZ,2013,341627,6013.07879895362
BLZ,2014,348923,6116.49578852783
BLZ,2015,356333,6000.20359889776
BLZ,2016,364705,5883.91140926769
BLZ,2017,373202,5767.61921963762
BLZ,2018,380226,5707.61059954436
BLZ,2019,385829,5357.047566156855
BLZ,2020,390812,5006.48453276935
BLZ,2021,395346,5839.40157956017
BRA,2003,180622688,6941.43965883253
BRA,2004,182675143,7258.78101654079
BRA,2005,184688101,7409.56827992249
BRA,2006,186653106,7622.03919432148
BRA,2007,188552320,8003.2532101272
BRA,2008,190367302,8330.76364001877
BRA,2009,192079951,8246.09612122851
BRA,2010,193701929,8792.63334959864
BRA,2011,195284734,9067.99212019529
BRA,2012,196876111,9167.49818450433
BRA,2013,198478299,9366.73824670239
BRA,2014,200085127,9338.34170840985
BRA,2015,201675532,9101.64517109231
BRA,2016,203218114,8864.94863377477
BRA,2017,204703445,8628.25209645723
BRA,2018,206107261,8722.33529970988
BRA,2019,207455459,8578.672880900864
BRA,2020,208660842,8435.01046209185
BRA,2021,209550294,8799.22844579944
BRB,2003,265776,21338.1720739511
BRB,2004,267298,21516.1662922098
BRB,2005,268706,22250.0263806215
BRB,2006,270002,23487.4418767503
BRB,2007,271288,23862.135352962
BRB,2008,272714,23887.7289633459
BRB,2009,274123,22572.5926053677
BRB,2010,275243,21982.1839041348
BRB,2011,276139,21842.8635599786
BRB,2012,276938,21036.3003366556
BRB,2013,277665,20609.6076272963
BRB,2014,278348,20713.7670210437
BRB,2015,278990,20738.7462321345
BRB,2016,279598,20763.7254432253
BRB,2017,280171,20788.7046543161
BRB,2018,280711,20483.9550976366
BRB,2019,281207,19001.8960802543
BRB,2020,281698,17519.837062872
BRB,2021,282147,17475.0281776857
BRN,2003,346637,38595.1688513702
BRN,2004,352911,37948.6590825194
BRN,2005,358916,37312.2778797122
BRN,2006,364663,38229.3565684183
BRN,2007,370873,36174.516515486
BRN,2008,377793,34126.6941563969
BRN,2009,384952,32855.6021602466
BRN,2010,392332,33121.3178241724
BRN,2011,399389,33754.3640783713
BRN,2012,405557,33544.5389457877
BRN,2013,411202,32381.0739795231
BRN,2014,416750,31148.7297405401
BRN,2015,422212,30607.372869656734
BRN,2016,427564,30066.015998773368
BRN,2017,432772,29524.65912789
BRN,2018,437810,29200.1952024222
BRN,2019,442680,29608.07702654595
BRN,2020,447404,30015.9588506697
BRN,2021,451721,29256.1833678343
CAN,2003,31642461,39270.0234577749
CAN,2004,31938807,40108.7587456658
CAN,2005,32242732,41006.2229523971
CAN,2006,32571193,41663.5123057295
CAN,2007,32888886,42106.8724378248
CAN,2008,33247298,42067.5687072607
CAN,2009,33630069,40376.4153847836
CAN,2010,34005902,41164.3399119626
CAN,2011,34339221,42043.6419795513
CAN,2012,34713395,42320.6431330726
CAN,2013,35080992,42851.170527104
CAN,2014,35434066,43643.2356440047
CAN,2015,35704498,43875.2866523116
CAN,2016,36110803,44107.3376606185
CAN,2017,36545075,44339.3886689254
CAN,2018,37072620,44907.3436912123
CAN,2019,37618495,43636.73611450035
CAN,2020,38028638,42366.1285377884
CAN,2021,38239864,44639.193269037
CHL,2003,16024752,9130.7842621819
CHL,2004,16187322,9642.37478651228
CHL,2005,16348778,10104.4208391373
CHL,2006,16509195,10611.6144012877
CHL,2007,16671581,11051.3450717678
CHL,2008,16838988,11356.0922105983
CHL,2009,17009731,11116.4093443103
CHL,2010,17181464,11649.2897090856
CHL,2011,17351816,12252.8441074615
CHL,2012,17519119,12882.834417927
CHL,2013,17687006,13182.7329619856
CHL,2014,17864195,13285.9540361192
CHL,2015,18047625,13348.417975177266
CHL,2016,18267221,13410.881914235333
CHL,2017,18558868,13473.3458532934
CHL,2018,18893191,13763.0068844795
CHL,2019,19197744,13221.01544425075
CHL,2020,19370624,12679.024004022
CHL,2021,19456334,14051.4713630677
CHN,2003,1288400000,2857.0373538115
CHN,2004,1296075000,3127.86276523632
CHN,2005,1303720000,3465.81734409951
CHN,2006,1311020000,3883.35412942474
CHN,2007,1317885000,4409.75700836878
CHN,2008,1324655000,4811.47471804961
CHN,2009,1331260000,5237.76666540352
CHN,2010,1337705000,5764.86534987407
CHN,2011,1345035000,6275.90956436258
CHN,2012,1354190000,6723.19443752823
CHN,2013,1363240000,7198.06876478162
CHN,2014,1371860000,7686.57792954381
CHN,2015,1379860000,8198.223299097783
CHN,2016,1387790000,8709.868668651758
CHN,2017,1396215000,9221.51403820573
CHN,2018,1402760000,9798.6528523316
CHN,2019,1407745000,10186.1474291299
CHN,2020,1411100000,10573.6420059282
CHN,2021,1412360000,11469.5707134928
CMR,2003,16160340,1221.09446141454
CMR,2004,16610487,1271.74326874167
CMR,2005,17074594,1264.74345218659
CMR,2006,17550407,1277.32990712342
CMR,2007,18049896,1295.73067471287
CMR,2008,18574056,1295.02211276052
CMR,2009,19113974,1290.89961351149
CMR,2010,19668066,1290.9013745759
CMR,2011,20232304,1297.3064962694
CMR,2012,20809529,1319.66961634054
CMR,2013,21402376,1347.2130636706
CMR,2014,22059893,1381.81938454907
CMR,2015,22763414,1402.8485327546234
CMR,2016,23454161,1423.8776809601766
CMR,2017,24128601,1444.90682916573
CMR,2018,24806383,1461.01969999317
CMR,2019,25506095,1447.76941861363
CMR,2020,26210558,1434.51913723409
CMR,2021,26915758,1443.57600237663
COL,2003,40937429,4154.17528523618
COL,2004,41543171,4311.91591255233
COL,2005,42128977,4457.27537460443
COL,2006,42691084,4694.03442939175
COL,2007,43235374,4947.25260813108
COL,2008,43758808,5048.57187245249
COL,2009,44271541,5046.97121757727
COL,2010,44777319,5214.24547620131
COL,2011,45259614,5517.1011086899
COL,2012,45715810,5675.75617978305
COL,2013,46151584,5910.80592301166
COL,2014,46565429,6121.83982019825
COL,2015,46969940,6184.45236444056
COL,2016,47437512,6247.06490868287
COL,2017,48131078,6309.67745292518
COL,2018,49024465,6353.5464285392
COL,2019,49907985,6122.750830346615
COL,2020,50629997,5891.95523215403
COL,2021,51188173,6457.16921807086
CRI,2003,4138784,8207.45746763047
CRI,2004,4200078,8445.52914945791
CRI,2005,4261240,8655.33965418585
CRI,2006,4321340,9160.29437453236
CRI,2007,4380248,9779.51149389818
CRI,2008,4440056,10104.9092039691
CRI,2009,4499791,9883.67567046297
CRI,2010,4555962,10285.0856660419
CRI,2011,4609833,10612.4694861141
CRI,2012,4663934,11001.5192856576
CRI,2013,4716147,11151.1437869768
CRI,2014,4767119,11422.6735793176
CRI,2015,4818038,11771.304203935366
CRI,2016,4866998,12119.934828553134
CRI,2017,4913177,12468.5654531709
CRI,2018,4957818,12679.5253643016
CRI,2019,4999553,12460.86762757745
CRI,2020,5034320,12242.2098908533
CRI,2021,5059988,13146.6927918465
CUB,2003,11209383,4426.96599591833
CUB,2004,11238756,4670.18802138025
CUB,2005,11262554,5182.35283601732
CUB,2006,11278550,5799.41163668615
CUB,2007,11287272,6215.76603727772
CUB,2008,11291762,6469.08507847668
CUB,2009,11294719,6561.25305093006
CUB,2010,11297409,6716.49048497058
CUB,2011,11301571,6902.16397571139
CUB,2012,11303175,7109.24834185635
CUB,2013,11298167,7307.82004410741
CUB,2014,11285775,7392.48324633027
CUB,2015,11275065,7570.74806232607
CUB,2016,11265612,7749.01287832187
CUB,2017,11247829,7927.27769431767
CUB,2018,11227118,8120.43123558256
CUB,2019,11202846,7686.3596736905
CUB,2020,11176354,7252.28811179844
CUB,2021,11122168,7379.04275283674
CYP,2003,999590,23930.783203125
CYP,2004,1017875,24799.6484375
CYP,2005,1036151,25631.3671875
CYP,2006,1054418,26395.50390625
CYP,2007,1072714,27156.818359375
CYP,2008,1091026,27449.2265625
CYP,2009,1109371,26183.685546875
CYP,2010,1127816,26090.048828125
CYP,2011,1146493,25538.78125
CYP,2012,1165397,24285.49609375
CYP,2013,1183895,22711.71875
CYP,2014,1201801,22373.578125
CYP,2015,1219502,23471.053385416668
CYP,2016,1237112,24568.528645833332
CYP,2017,1254275,25666.00390625
CYP,2018,1270737,26962.40625
CYP,2019,1286671,26929.044921875
CYP,2020,1302247,26895.68359375
CYP,2021,1317309,29517.072265625
DEU,2003,82534176,35270.0227284267
DEU,2004,82516260,35687.6378708542
DEU,2005,82469422,36024.0947047021
DEU,2006,82376451,37459.261328042
DEU,2007,82266372,38593.0749910508
DEU,2008,82110097,39009.8477636357
DEU,2009,81902307,36940.4078672661
DEU,2010,81776930,38526.7371042695
DEU,2011,80274983,40722.4849268242
DEU,2012,80425823,40834.5088218456
DEU,2013,80645605,40884.8926759028
DEU,2014,80982500,41602.4661281668
DEU,2015,81686611,42249.47098712957
DEU,2016,82348669,42896.47584609233
DEU,2017,82657002,43543.4807050551
DEU,2018,82905782,43905.8550061973
DEU,2019,83092962,43139.3638423114
DEU,2020,83160871,42372.8726784255
DEU,2021,83196078,44011.0194631674
DJI,2003,813519,2140.13769442336
DJI,2004,826124,2140.13769442336
DJI,2005,839167,2140.13769442336
DJI,2006,855764,2140.13769442336
DJI,2007,874528,2140.13769442336
DJI,2008,892734,2140.13769442336
DJI,2009,911527,2140.13769442336
DJI,2010,930251,2140.13769442336
DJI,2011,948558,2140.13769442336
DJI,2012,966747,2140.13769442336
DJI,2013,984824,2140.13769442336
DJI,2014,1002717,2253.14082249768
DJI,2015,1020313,2367.57766399268
DJI,2016,1037653,2482.0145054876803
DJI,2017,1054841,2596.45134698268
DJI,2018,1071882,2677.1650334451
DJI,2019,1088709,2725.2858256230347
DJI,2020,1105188,2773.40661780097
DJI,2021,1121248,2854.15987035097
DMA,2003,68531,7047.66189595946
DMA,2004,68649,7323.8530008275
DMA,2005,68734,7381.74728529453
DMA,2006,68806,7698.53701483824
DMA,2007,68847,8106.18951878325
DMA,2008,68854,8682.57378179773
DMA,2009,68864,8582.71481435718
DMA,2010,68859,8574.27308682238
DMA,2011,69053,8553.8384670104
DMA,2012,69118,8532.34388117289
DMA,2013,69715,8459.6586988024
DMA,2014,70373,8576.26367623609
DMA,2015,70410,8379.38715422836
DMA,2016,69606,8182.51063222063
DMA,2017,68496,7985.6341102129
DMA,2018,68174,8261.16492553236
DMA,2019,67880,7782.05473752245
DMA,2020,67573,7302.94454951254
DMA,2021,67202,7738.31730070386
DNK,2003,5390574,49708.0909084109
DNK,2004,5404523,50956.3045398814
DNK,2005,5419432,52015.1841169021
DNK,2006,5437272,53823.1590295482
DNK,2007,5461438,54113.9771471341
DNK,2008,5493621,53572.5346568185
DNK,2009,5523095,50635.9118061988
DNK,2010,5547683,51209.4492757775
DNK,2011,5570572,51667.5313210425
DNK,2012,5591572,51470.689845427
DNK,2013,5614932,51970.3909324806
DNK,2014,5643475,52368.3625969272
DNK,2015,5683483,53445.91325521104
DNK,2016,5728010,54523.46391349487
DNK,2017,5764980,55601.0145717787
DNK,2018,5793636,56355.0733084714
DNK,2019,5814422,56144.81445151185
DNK,2020,5831404,55934.5555945523
DNK,2021,5856733,59312.8158043771
DOM,2003,8980620,4162.66686117661
DOM,2004,9104892,4212.01044121773
DOM,2005,9225034,4549.24957008857
DOM,2006,9341183,4904.71715839398
DOM,2007,9455658,5204.78500652254
DOM,2008,9573130,5308.92664966814
DOM,2009,9695265,5294.64953374426
DOM,2010,9820175,5666.45633430206
DOM,2011,9945621,5773.57403459156
DOM,2012,10070411,5860.29893321013
DOM,2013,10193833,6075.03399972737
DOM,2014,10315528,6430.27811051339
DOM,2015,10434829,6746.6520005660495
DOM,2016,10551430,7063.02589061871
DOM,2017,10666843,7379.39978067137
DOM,2018,10782053,7818.70593240469
DOM,2019,10894043,7607.289679322145
DOM,2020,11008300,7395.8734262396
DOM,2021,11123476,8344.90510312395
DZA,2003,32175818,3945.89816094007
DZA,2004,32628286,4066.28204806495
DZA,2005,33109249,4223.60252133943
DZA,2006,33623506,4279.61547120827
DZA,2007,34189416,4339.25055772831
DZA,2008,34816961,4367.56538017541
DZA,2009,35490445,4336.10054052949
DZA,2010,36188236,4456.6102741643
DZA,2011,36903376,4501.3543013352
DZA,2012,37646166,4518.43978956464
DZA,2013,38414171,4543.23444006767
DZA,2014,39205031,4634.10149179952
DZA,2015,40019529,4670.367912974777
DZA,2016,40850721,4706.634334150033
DZA,2017,41689299,4742.90075532529
DZA,2018,42505035,4717.0035885361
DZA,2019,43294546,4540.344463106965
DZA,2020,44042091,4363.68533767783
DZA,2021,44761099,4456.74687637774
ECU,2003,13372306,4220.21298466638
ECU,2004,13608701,4430.23717984188
ECU,2005,13846163,4589.32849203452
ECU,2006,14086131,4706.98056823816
ECU,2007,14328773,4715.30359842555
ECU,2008,14575202,4939.90215021789
ECU,2009,14825954,4909.33681705683
ECU,2010,15076695,5022.20374387205
ECU,2011,15326227,5359.45724615639
ECU,2012,15572194,5579.85624282158
ECU,2013,15807128,5893.32172683036
ECU,2014,16035124,6055.04172761485
ECU,2015,16266225,6071.4519968157365
ECU,2016,16505139,6087.862266016624
ECU,2017,16759519,6104.27253521751
ECU,2018,17049547,6063.0956178776
ECU,2019,17340021,5709.3924799210145
ECU,2020,17546065,5355.68934196443
ECU,2021,17682454,5815.09477390949
ERI,2003,2493903,830.379672282601
ERI,2004,2598284,808.591420184592
ERI,2005,2661215,809.794793468889
ERI,2006,2703502,789.402432018085
ERI,2007,2743222,789.072701743247
ERI,2008,2816327,693.398874212494
ERI,2009,2887885,702.430936480778
ERI,2010,2945186,703.877374381654
ERI,2011,2998485,751.374899794668
ERI,2012,3036988,751.374899794668
ERI,2013,3074360,751.374899794668
ERI,2014,3095173,751.374899794668
ERI,2015,3105546,751.374899794668
ERI,2016,3124698,751.374899794668
ERI,2017,3150347,751.374899794668
ERI,2018,3192760,751.374899794668
ERI,2019,3240194,751.374899794668
ERI,2020,3291271,751.374899794668
ERI,2021,3350183,751.374899794668
ESP,2003,42187645,25481.1653690112
ESP,2004,42921895,25825.3106463315
ESP,2005,43653155,26294.447384391
ESP,2006,44397319,26899.0921497113
ESP,2007,45226803,27338.79541774
ESP,2008,45954106,27112.526293889
ESP,2009,46362946,25860.8142592652
ESP,2010,46576897,25766.2515825743
ESP,2011,46742697,25510.5579678829
ESP,2012,46773055,24763.568274484
ESP,2013,46604197,24498.5559507945
ESP,2014,46460733,24947.8512505913
ESP,2015,46422303,25773.9945054252
ESP,2016,46458139,26600.137760259102
ESP,2017,46571232,27426.281015093
ESP,2018,46782011,27956.7225466484
ESP,2019,47118501,26516.871214788203
ESP,2020,47359424,25077.019882928
ESP,2021,47443821,26705.3629138959
EST,2003,1370720,12424.0441535693
EST,2004,1362550,13348.5284463324
EST,2005,1354775,14703.6179707772
EST,2006,1346810,16234.5152041417
EST,2007,1340680,17543.4661785723
EST,2008,1337090,16688.997772178
EST,2009,1334515,14274.8511086787
EST,2010,1331475,14657.939813612
EST,2011,1327439,15820.922342204
EST,2012,1322696,16460.6843479001
EST,2013,1317997,16809.5326683781
EST,2014,1314545,17413.6867560212
EST,2015,1315407,18032.72921103117
EST,2016,1315790,18651.77166604113
EST,2017,1317384,19270.8141210511
EST,2018,1321977,19914.3454922878
EST,2019,1326898,19930.6455945929
EST,2020,1329522,19946.945696898
EST,2021,1330932,21570.6658455268
FIN,2003,5213014,40038.9839702277
FIN,2004,5228172,41521.962874476
FIN,2005,5246096,42529.3506920884
FIN,2006,5266268,44069.3958834717
FIN,2007,5288720,46213.6898975737
FIN,2008,5313399,46359.8732844055
FIN,2009,5338871,42412.5133513534
FIN,2010,5363352,43556.5385834368
FIN,2011,5388272,44391.4535667984
FIN,2012,5413971,43507.9345371578
FIN,2013,5438972,42883.6384986417
FIN,2014,5461512,42502.4880199858
FIN,2015,5479531,43289.0654813922
FIN,2016,5495303,44075.6429427986
FIN,2017,5508214,44862.220404205
FIN,2018,5515525,45337.2409550575
FIN,2019,5521606,45014.11053268245
FIN,2020,5529543,44690.9801103074
FIN,2021,5541017,45792.0454180872
FJI,2003,866286,4087.72449101023
FJI,2004,874366,4264.59723774177
FJI,2005,882379,4255.45097421847
FJI,2006,890365,4295.40679748345
FJI,2007,897832,4223.44800626708
FJI,2008,903399,4240.77265686858
FJI,2009,907239,4164.29314800857
FJI,2010,910419,4272.359150902
FJI,2011,912989,4375.5808542034
FJI,2012,914918,4427.97844455038
FJI,2013,916352,4630.35126544718
FJI,2014,917585,4883.24300436251
FJI,2015,918578,5089.05480341617
FJI,2016,919166,5294.86660246983
FJI,2017,918759,5500.67840152349
FJI,2018,917180,5720.21447177109
FJI,2019,914899,5220.668645373695
FJI,2020,914963,4721.1228189763
FJI,2021,916711,4507.33353596072
FRA,2003,62249855,33840.6175720101
FRA,2004,62707588,34557.1471111581
FRA,2005,63180854,34946.0372494703
FRA,2006,63622342,35645.4162427116
FRA,2007,64016890,36322.1685141004
FRA,2008,64375116,36257.3658930938
FRA,2009,64706436,35052.8510772683
FRA,2010,65026211,35578.1968010183
FRA,2011,65340830,36269.9561530888
FRA,2012,65657659,36161.2918253465
FRA,2013,65997932,36256.086680981
FRA,2014,66312067,36444.3949089146
FRA,2015,66548272,36823.12925025493
FRA,2016,66724104,37201.86359159526
FRA,2017,66918020,37580.5979329356
FRA,2018,67158348,38062.4435961412
FRA,2019,67382061,36885.8240943669
FRA,2020,67601110,35709.2045925926
FRA,2021,67842811,38030.8571685178
GAB,2003,1382350,7301.67154442842
GAB,2004,1421609,7148.98713447497
GAB,2005,1463495,7130.22505771754
GAB,2006,1508337,6724.08148977274
GAB,2007,1556237,6908.67399162999
GAB,2008,1607175,6468.38523357609
GAB,2009,1661556,6264.83611480154
GAB,2010,1719879,6481.49612073562
GAB,2011,1781985,6699.23394606512
GAB,2012,1846889,6803.22668079211
GAB,2013,1913059,6938.25753862236
GAB,2014,1978399,6998.60545439576
GAB,2015,2040989,6945.756834089847
GAB,2016,2100306,6892.908213783933
GAB,2017,2156900,6840.05959347802
GAB,2018,2212318,6724.5961429108
GAB,2019,2267706,6629.437904100385
GAB,2020,2322539,6534.27966528997
GAB,2021,2376722,6479.04900690761
GBR,2003,59647577,41706.8303930126
GBR,2004,59987905,42434.8209023638
GBR,2005,60401206,43320.5628684438
GBR,2006,60846820,43944.9985799069
GBR,2007,61322463,44882.141312304
GBR,2008,61806995,44508.2874631479
GBR,2009,62276270,42146.5095879962
GBR,2010,62766365,42762.720840223
GBR,2011,63258810,42791.0934313474
GBR,2012,63711000,43136.7006795996
GBR,2013,64139000,43585.1936238647
GBR,2014,64620000,44627.8818268644
GBR,2015,65088000,45424.596376498805
GBR,2016,65607000,46221.3109261332
GBR,2017,65966000,47018.0254757676
GBR,2018,66289000,47514.7763693453
GBR,2019,66631000,45248.61973505475
GBR,2020,66744000,42982.4631007642
GBR,2021,66984000,46487.3424706549
GEO,2003,3951736,1977.46143338741
GEO,2004,3927340,2105.00472843799
GEO,2005,3902469,2321.60084285163
GEO,2006,3880347,2554.81253503914
GEO,2007,3860158,2891.13702331846
GEO,2008,3848449,2970.15858282428
GEO,2009,3814419,2887.25607935922
GEO,2010,3786695,3090.06513662318
GEO,2011,3756441,3362.1030031968
GEO,2012,3728874,3609.780798626
GEO,2013,3717668,3806.50600649051
GEO,2014,3719414,3960.35080091901
GEO,2015,3725276,4121.069681037254
GEO,2016,3727505,4281.788561155497
GEO,2017,3728004,4442.50744127374
GEO,2018,3726549,4713.65354845303
GEO,2019,3720161,4686.631400817685
GEO,2020,3722716,4659.60925318234
GEO,2021,3708610,5175.19865185825
GHA,2003,21296705,1077.69990866645
GHA,2004,21868298,1108.30475353633
GHA,2005,22449438,1143.31178934301
GHA,2006,23040702,1185.26570738595
GHA,2007,23642279,1205.31705804209
GHA,2008,24249946,1282.63416886747
GHA,2009,24862664,1311.63053760125
GHA,2010,25474995,1381.2279503506
GHA,2011,26095088,1537.81834019283
GHA,2012,26734268,1640.54072088003
GHA,2013,27386193,1718.59704769958
GHA,2014,28041592,1726.36930134647
GHA,2015,28696068,1764.7283214084766
GHA,2016,29356742,1803.0873414704834
GHA,2017,30008354,1841.44636153249
GHA,2018,30637585,1915.4532323781
GHA,2019,31258945,1942.8236734910402
GHA,2020,31887809,1970.19411460398
GHA,2021,32518665,2030.04866500967
GIN,2003,8870781,644.071217908894
GIN,2004,9062726,645.182843390689
GIN,2005,9245844,651.359606871604
GIN,2006,9441171,645.472001923653
GIN,2007,9662281,673.698997420626
GIN,2008,9898870,684.775780377366
GIN,2009,10143534,660.756701330284
GIN,2010,10396086,675.736917327708
GIN,2011,10656810,696.199991395571
GIN,2012,10921581,719.505916794546
GIN,2013,11191873,729.833143236326
GIN,2014,11472924,738.272274481308
GIN,2015,11767070,781.4840171800744
GIN,2016,12073030,824.6957598788407
GIN,2017,12385659,867.907502577607
GIN,2018,12704774,899.907328045175
GIN,2019,13034346,922.73911571742
GIN,2020,13371183,945.570903389665
GIN,2021,13710513,973.646890096159
GMB,2003,1577611,665.834222326194
GMB,2004,1621312,693.563314497133
GMB,2005,1667037,658.676285443081
GMB,2006,1715275,636.596026908866
GMB,2007,1765774,637.20930597537
GMB,2008,1817852,657.675679192228
GMB,2009,1871422,681.433469086571
GMB,2010,1926630,701.014524591061
GMB,2011,1983784,625.464360270983
GMB,2012,2043094,639.139881889048
GMB,2013,2103820,638.522368532214
GMB,2014,2164528,611.879472952196
GMB,2015,2224529,617.5120817257723
GMB,2016,2283769,623.1446904993487
GMB,2017,2342189,628.777299272925
GMB,2018,2399632,658.127833258563
GMB,2019,2456844,664.443238074907
GMB,2020,2515733,670.758642891251
GMB,2021,2576010,689.49323955737
GNQ,2003,847862,7082.65489186921
GNQ,2004,899917,9208.60566707162
GNQ,2005,947367,10212.4545051498
GNQ,2006,990343,10521.9996774827
GNQ,2007,1036044,11594.9172068456
GNQ,2008,1084530,13048.0703050168
GNQ,2009,1135673,12627.862381545
GNQ,2010,1189085,10984.3243932426
GNQ,2011,1241835,11203.9073679091
GNQ,2012,1293483,11650.7196270884
GNQ,2013,1346218,10731.6455729191
GNQ,2014,1399828,10363.4872473549
GNQ,2015,1453923,9328.69461975261
GNQ,2016,1508186,8293.90199215032
GNQ,2017,1562396,7259.10936454803
GNQ,2018,1616422,6578.90039765711
GNQ,2019,1670177,6077.081406386015
GNQ,2020,1716468,5575.26241511492
GNQ,2021,1758786,5487.92479201992
GRC,2003,10928070,20632.2557041942
GRC,2004,10955141,21688.1050959558
GRC,2005,10987314,21880.5265835801
GRC,2006,11020362,23220.5324419197
GRC,2007,11048473,23973.6936091313
GRC,2008,11077841,23923.8800731311
GRC,2009,11107017,22878.1346644397
GRC,2010,11121341,21547.724178239
GRC,2011,11104899,19448.255802525
GRC,2012,11045011,17924.6620496886
GRC,2013,10965211,17644.8766635021
GRC,2014,10892413,17903.5252440012
GRC,2015,10820883,18053.046311376067
GRC,2016,10775971,18202.567378750933
GRC,2017,10754679,18352.0884461258
GRC,2018,10732882,18769.0389621976
GRC,2019,10721582,18127.9951477603
GRC,2020,10698599,17486.951333323
GRC,2021,10569207,19232.9683327114
GRD,2003,108884,7309.78547094579
GRD,2004,109323,7233.29494434962
GRD,2005,109734,8162.91232124727
GRD,2006,110135,7808.24358323434
GRD,2007,110522,8257.36225682689
GRD,2008,110896,8307.49221491819
GRD,2009,111254,7733.12990600058
GRD,2010,111586,7670.71165827663
GRD,2011,112079,7695.37616017287
GRD,2012,112775,7559.5628483956
GRD,2013,113487,7688.75297701343
GRD,2014,114132,8206.62862112333
GRD,2015,114676,8590.221510360829
GRD,2016,115130,8973.81439959833
GRD,2017,115438,9357.40728883583
GRD,2018,115691,9744.16919577204
GRD,2019,115981,9078.726275387879
GRD,2020,116341,8413.28335500372
GRD,2021,116688,8782.32193426078
GTM,2003,12525842,3222.15468293683
GTM,2004,12807402,3250.20406037693
GTM,2005,13087629,3284.80971612832
GTM,2006,13367459,3388.15003339926
GTM,2007,13652040,3527.7782721364
GTM,2008,13935174,3569.92861121538
GTM,2009,14215611,3516.19227725255
GTM,2010,14500112,3546.6258162259
GTM,2011,14792126,3621.37409769184
GTM,2012,15089647,3655.57315791242
GTM,2013,15387337,3717.30462628413
GTM,2014,15681725,3809.61587570091
GTM,2015,15971743,3863.9907765875
GTM,2016,16268760,3918.36567747409
GTM,2017,16567357,3972.74057836068
GTM,2018,16845685,4040.2121371198
GTM,2019,17103803,4023.025626529895
GTM,2020,17357325,4005.83911593999
GTM,2021,17598650,4268.62858565412
GUY,2003,763101,3873.04123684261
GUY,2004,762418,3937.11435304522
GUY,2005,760914,3867.93308158647
GUY,2006,758966,4076.77981715707
GUY,2007,756861,4382.10449666813
GUY,2008,754606,4472.34517889699
GUY,2009,752094,4649.34144792756
GUY,2010,749256,4860.09110980566
GUY,2011,746153,5133.89539813637
GUY,2012,746288,5403.79899428921
GUY,2013,750021,5573.3421790463
GUY,2014,754229,5635.71704117947
GUY,2015,758781,5756.205598875733
GUY,2016,763548,5876.694156571996
GUY,2017,768479,5997.18271426826
GUY,2018,791556,6080.90612132746
GUY,2019,807665,7545.75806301312
GUY,2020,807481,9010.61000469878
GUY,2021,815482,10711.9973374148
HND,2003,7119213,1842.29750018813
HND,2004,7298994,1908.90950050464
HND,2005,7478355,1975.85647913236
HND,2006,7656832,2056.53491469231
HND,2007,7834798,2134.19540639485
HND,2008,8012587,2175.14709403064
HND,2009,8189899,2076.30859895638
HND,2010,8365878,2108.47314459603
HND,2011,8540583,2144.56265540491
HND,2012,8715076,2188.39378817891
HND,2013,8889278,2205.40126728067
HND,2014,9063122,2229.24772232218
HND,2015,9237305,2280.623143013833
HND,2016,9412380,2331.9985637054865
HND,2017,9588137,2383.37398439714
HND,2018,9765210,2430.13503657762
HND,2019,9943633,2309.7833616299204
HND,2020,10119640,2189.43168668222
HND,2021,10289877,2423.76634916911
HRV,2003,4303399,10619.3078243865
HRV,2004,4304600,11059.0980614364
HRV,2005,4310145,11522.7905248265
HRV,2006,4311159,12104.0421469867
HRV,2007,4310217,12717.9875997872
HRV,2008,4309705,12970.4376964616
HRV,2009,4305181,12099.5521781656
HRV,2010,4295427,11965.0049285028
HRV,2011,4280622,11993.0713179162
HRV,2012,4260368,11780.4742767284
HRV,2013,4233922,11838.2152450357
HRV,2014,4201598,11862.7609491821
HRV,2015,4151725,12403.6077165972
HRV,2016,4106867,12944.4544840123
HRV,2017,4041407,13485.3012514274
HRV,2018,3988775,14060.9874833125
HRV,2019,3949390,13803.2377997771
HRV,2020,3914206,13545.4881162417
HRV,2021,3878981,15395.1287782758
HTI,2003,8759912,1326.47161042212
HTI,2004,8910263,1286.90282128221
HTI,2005,9061273,1304.33303731231
HTI,2006,9216562,1305.03813815611
HTI,2007,9373296,1343.61111422048
HTI,2008,9530774,1356.53400140048
HTI,2009,9689581,1412.89653523429
HTI,2010,9803294,1317.58389339746
HTI,2011,9914904,1369.16921255852
HTI,2012,10069771,1354.88546124499
HTI,2013,10222362,1392.38204736859
HTI,2014,10373235,1411.76834802154
HTI,2015,10523242,1418.7363273794967
HTI,2016,10671457,1425.7043067374534
HTI,2017,10817754,1432.67228609541
HTI,2018,10962362,1437.35251928349
HTI,2019,11105163,1384.5251521764048
HTI,2020,11243848,1331.69778506932
HTI,2021,11374586,1292.71954963551
IDN,2003,225048008,1991.91820506473
IDN,2004,227926649,2065.70617470842
IDN,2005,230871650,2155.4478015921
IDN,2006,233951652,2244.0802226202
IDN,2007,237062337,2355.1528565328
IDN,2008,240157903,2464.60193418272
IDN,2009,243220028,2546.21969707767
IDN,2010,246305322,2670.8129098953
IDN,2011,249470032,2799.62468790318
IDN,2012,252698525,2930.518445323
IDN,2013,255852467,3055.24246006469
IDN,2014,258877399,3170.72103011429
IDN,2015,261799249,3298.32068428393
IDN,2016,264627418,3425.92033845357
IDN,2017,267346658,3553.51999262321
IDN,2018,269951846,3701.32155461912
IDN,2019,272489381,3720.3853101253653
IDN,2020,274814866,3739.44906563161
IDN,2021,276758053,3850.68877253903
IND,2003,1116803006,841.278894571674
IND,2004,1135991513,892.596614581612
IND,2005,1154676322,947.732565646672
IND,2006,1172878890,1008.23275343783
IND,2007,1190676021,1069.24696813025
IND,2008,1207930964,1086.50605251513
IND,2009,1225524753,1155.10163274172
IND,2010,1243481564,1235.15939133951
IND,2011,1261224954,1281.61054354933
IND,2012,1278674502,1333.09626557668
IND,2013,1295829511,1399.4537980287
IND,2014,1312277191,1484.31640682913
IND,2015,1328024498,1585.7768389475734
IND,2016,1343944296,1687.2372710660165
IND,2017,1359657400,1788.69770318446
IND,2018,1374659064,1883.35772705062
IND,2019,1389030312,1844.9294164447
IND,2020,1402617695,1806.50110583878
IND,2021,1414203896,1965.30943437506
IRL,2003,3996521,46594.8620267616
IRL,2004,4070262,48856.3238587396
IRL,2005,4159914,50547.2123729763
IRL,2006,4273591,51656.8194855887
IRL,2007,4398942,52849.6948429458
IRL,2008,4489544,49461.1594281353
IRL,2009,4535375,46466.3794269222
IRL,2010,4560155,46991.6464673949
IRL,2011,4580084,47539.9181739968
IRL,2012,4599533,47147.1604669421
IRL,2013,4623816,47928.0346487005
IRL,2014,4657740,52044.6201181887
IRL,2015,4701957,57945.9541132596
IRL,2016,4762722,63847.288108330504
IRL,2017,4827445,69748.6221034014
IRL,2018,4898022,74029.0550611436
IRL,2019,4976456,77478.4957682693
IRL,2020,5039747,80927.936475395
IRL,2021,5110585,92781.2322150786
IRQ,2003,26802659,2250.06990123369
IRQ,2004,27577878,3354.26588756715
IRQ,2005,28407448,3310.86344473993
IRQ,2006,28616515,3471.98744698568
IRQ,2007,28391607,3565.58054079041
IRQ,2008,28971036,3781.78001712762
IRQ,2009,30058206,3768.17284328983
IRQ,2010,31045366,3881.94327045302
IRQ,2011,32161424,4030.01686860986
IRQ,2012,33654842,4387.90469058707
IRQ,2013,35281989,4504.82687537354
IRQ,2014,36550059,4446.97343234862
IRQ,2015,37560535,4543.4246575986035
IRQ,2016,38469627,4639.875882848586
IRQ,2017,39337353,4736.32710809857
IRQ,2018,40265624,4749.00921836896
IRQ,2019,41192171,4481.5038280147855
IRQ,2020,42116605,4213.99843766061
IRQ,2021,43071211,4182.5006404573
ISL,2003,289521,45088.9225976672
ISL,2004,292074,48101.7116286153
ISL,2005,296734,50674.4411254865
ISL,2006,303782,52306.1284689188
ISL,2007,311566,55457.3601417561
ISL,2008,317414,55360.8136015347
ISL,2009,318499,50581.0846203691
ISL,2010,318041,49528.4864575422
ISL,2011,319014,50058.8302502676
ISL,2012,320716,50375.4116888351
ISL,2013,323764,51696.0876528983
ISL,2014,327386,52102.5757919438
ISL,2015,330815,53621.04387081493
ISL,2016,335439,55139.511949686064
ISL,2017,343400,56657.9800285572
ISL,2018,352721,57731.6523401884
ISL,2019,360563,55097.979813026046
ISL,2020,366463,52464.3072858637
ISL,2021,372520,54285.0209153958
ISR,2003,6689700,28092.6176251486
ISR,2004,6809000,28883.247588548
ISR,2005,6930100,29623.7172812577
ISR,2006,7053700,30734.9619835354
ISR,2007,7180100,32103.1628576567
ISR,2008,7308800,32554.0413211945
ISR,2009,7485600,32178.5727387015
ISR,2010,7623600,33344.7213294093
ISR,2011,7765800,34540.6749784398
ISR,2012,7910500,34738.6587001
ISR,2013,8059500,35489.5086561247
ISR,2014,8215700,36129.3146105805
ISR,2015,8380100,36740.55944674353
ISR,2016,8546000,37351.80428290657
ISR,2017,8713300,37963.0491190696
ISR,2018,8882800,38729.6426036983
ISR,2019,9054000,38332.592937708105
ISR,2020,9215100,37935.5432717179
ISR,2021,9371400,40804.9689802536
ITA,2003,57399184,33110.1698494812
ITA,2004,57828179,33348.9744820456
ITA,2005,58166682,33407.6754716472
ITA,2006,58399861,33873.0493680093
ITA,2007,58756247,34159.9109244074
ITA,2008,59211181,33550.6340800063
ITA,2009,59555454,31587.0638416305
ITA,2010,59819407,31928.5543621096
ITA,2011,60026841,32039.5032494316
ITA,2012,60191247,30953.4147447427
ITA,2013,60311613,30330.0221599668
ITA,2014,60320707,30325.0287793923
ITA,2015,60229605,30761.86010995487
ITA,2016,60115223,31198.691440517432
ITA,2017,60002252,31635.52277108
ITA,2018,60148658,31819.3971830067
ITA,2019,59729081,30644.59805343465
ITA,2020,59438851,29469.7989238626
ITA,2021,59133173,32267.7091050201
JAM,2003,2656623,5467.17406988236
JAM,2004,2672225,5507.20135110043
JAM,2005,2687066,5525.73577833713
JAM,2006,2700968,5656.66803579988
JAM,2007,2713800,5710.53878446758
JAM,2008,2725635,5639.58974873397
JAM,2009,2736995,5372.14234169511
JAM,2010,2748568,5271.57221477938
JAM,2011,2760494,5339.62170188798
JAM,2012,2772430,5284.00852557589
JAM,2013,2783687,5289.88438546111
JAM,2014,2793749,5307.19165380801
JAM,2015,2802534,5400.173293309774
JAM,2016,2809915,5493.154932811537
JAM,2017,2815764,5586.1365723133
JAM,2018,2820097,5717.87621107532
JAM,2019,2823271,5517.85883070749
JAM,2020,2830739,5317.84145033966
JAM,2021,2837682,5607.45378253877
JOR,2003,5741828,3713.15193593268
JOR,2004,5882061,3935.15704743447
JOR,2005,6029587,4151.61313015439
JOR,2006,6427371,4209.86864014361
JOR,2007,6827227,4287.35229821209
JOR,2008,6989866,4489.95545537311
JOR,2009,7141753,4615.23067817324
JOR,2010,7297043,4621.5742854131
JOR,2011,7480424,4631.67703841605
JOR,2012,7587127,4677.47613977192
JOR,2013,7991809,4556.52023716712
JOR,2014,8791710,4282.11872849239
JOR,2015,9544729,4168.313149598744
JOR,2016,10006367,4054.507570705097
JOR,2017,10234226,3940.70199181145
JOR,2018,10462306,3928.77026821205
JOR,2019,10671891,3867.8248808805947
JOR,2020,10865228,3806.87949354914
JOR,2021,11066356,3874.32714084633
JPN,2003,127718000,31830.217584972
JPN,2004,127761000,32515.1158024695
JPN,2005,127773000,33098.5474664881
JPN,2006,127854000,33531.518563066
JPN,2007,128001000,33990.0360341367
JPN,2008,128063000,33557.6454041595
JPN,2009,128047000,31651.0837739562
JPN,2010,128070000,32942.2020783835
JPN,2011,127833000,33011.1342301291
JPN,2012,127629000,33518.4449368599
JPN,2013,127445000,34239.8862473488
JPN,2014,127276000,34386.9058552671
JPN,2015,127141000,34878.5948550338
JPN,2016,127076000,35370.283854800495
JPN,2017,126972000,35861.9728545672
JPN,2018,126811000,36138.5290824814
JPN,2019,126633000,35390.75047840265
JPN,2020,126261000,34642.9718743239
JPN,2021,125681593,35741.1601062924
KEN,2003,33652223,1169.14433674051
KEN,2004,34713455,1191.25443604556
KEN,2005,35796484,1223.44738472019
KEN,2006,36904008,1263.54164666211
KEN,2007,38036349,1309.91092948216
KEN,2008,39206351,1273.77226103073
KEN,2009,40408891,1276.73503486074
KEN,2010,41598567,1340.16467408856
KEN,2011,42758461,1370.58000874482
KEN,2012,43888303,1396.30178709756
KEN,2013,44986791,1413.94142522583
KEN,2014,46051440,1450.59338202277
KEN,2015,47088526,1481.1748345930866
KEN,2016,48139687,1511.7562871634032
KEN,2017,49197766,1542.33773973372
KEN,2018,50207107,1596.69045914945
KEN,2019,51202827,1603.0122999661298
KEN,2020,52217334,1609.33414078281
KEN,2021,53219166,1698.89578271444
KHM,2003,13050968,719.333494240509
KHM,2004,13244731,775.847139030978
KHM,2005,13439202,866.340290123209
KHM,2006,13639028,947.065220050691
KHM,2007,13841770,1030.23117620792
KHM,2008,14053479,1090.57475806147
KHM,2009,14276810,1117.25834194514
KHM,2010,14500726,1155.85236856699
KHM,2011,14722584,1221.38839852454
KHM,2012,14945085,1295.25271477893
KHM,2013,15170208,1376.29557595926
KHM,2014,15396772,1464.53115866927
KHM,2015,15623251,1560.99920746172
KHM,2016,15852803,1657.46725625417
KHM,2017,16073372,1753.93530504662
KHM,2018,16274522,1884.28374817086
KHM,2019,16481304,1896.45901167711
KHM,2020,16725474,1908.63427518336
KHM,2021,16974305,1938.76436741728
KOR,2003,47892330,20278.0406421178
KOR,2004,48082519,21244.8136800528
KOR,2005,48184561,22123.7613066851
KOR,2006,48438292,23162.1860111297
KOR,2007,48683638,24391.7651013448
KOR,2008,49054708,24934.5396367691
KOR,2009,49307835,25009.9148311999
KOR,2010,49554112,26623.0487122927
KOR,2011,49936638,27393.455357272
KOR,2012,50199853,27944.0564190045
KOR,2013,50428893,28732.711152033
KOR,2014,50746659,29470.6732991655
KOR,2015,51014947,30307.0831095259
KOR,2016,51217803,31143.4929198863
KOR,2017,51361911,31979.9027302467
KOR,2018,51585058,32852.8887488942
KOR,2019,51764822,33034.4093208525
KOR,2020,51836239,33215.9298928108
KOR,2021,51769539,34792.9397214598
KWT,2003,2109881,35169.6335737863
KWT,2004,2157320,37918.5405829238
KWT,2005,2236788,40451.2551656974
KWT,2006,2364733,41137.969927672
KWT,2007,2507887,41113.8693942735
KWT,2008,2651421,39852.5129115699
KWT,2009,2795484,35124.0853941026
KWT,2010,2943372,32568.4981754501
KWT,2011,3132814,33545.346271839
KWT,2012,3337109,33578.3309651964
KWT,2013,3507844,32311.1800008536
KWT,2014,3665876,31073.1537300624
KWT,2015,3834574,29731.559384573535
KWT,2016,4004096,28389.965039084665
KWT,2017,4154812,27048.3706935958
KWT,2018,4323515,26706.0191660864
KWT,2019,4442316,26123.7785324386
KWT,2020,4400267,25541.5378987908
KWT,2021,4360865,26203.2617257856
LBN,2003,4525508,6319.76518298647
LBN,2004,4599279,6633.75258002393
LBN,2005,4671102,6707.18024635316
LBN,2006,4751136,6696.37428200596
LBN,2007,4844118,7179.34520092306
LBN,2008,4925354,7701.29823027979
LBN,2009,4992287,8375.48851252821
LBN,2010,5041288,8955.54336184707
LBN,2011,5096020,8936.20027462737
LBN,2012,5235742,8920.8056984673
LBN,2013,5743436,8443.53856528784
LBN,2014,6346990,7830.4151113336
LBN,2015,6472469,7988.80142564147
LBN,2016,6323060,8147.18773994934
LBN,2017,6160128,8305.57405425721
LBN,2018,5984119,8388.7235123835
LBN,2019,5794594,7414.77597165636
LBN,2020,5702398,6440.82843092922
LBN,2021,5718122,5973.41933892988
LBR,2003,3119532,528.567395543421
LBR,2004,3156892,535.995882066218
LBR,2005,3301015,539.665378841936
LBR,2006,3490787,551.377446611852
LBR,2007,3669050,574.609394348543
LBR,2008,3821003,591.185378141907
LBR,2009,3943028,603.256211077605
LBR,2010,4058890,621.783295071575
LBR,2011,4221178,646.908727016597
LBR,2012,4373043,674.360011422232
LBR,2013,4470239,717.007280358975
LBR,2014,4564293,707.157694930142
LBR,2015,4659431,695.192096565213
LBR,2016,4755608,683.226498200284
LBR,2017,4848925,671.260899835355
LBR,2018,4944726,665.875439637137
LBR,2019,5043721,635.4504575342739
LBR,2020,5149463,605.025475431411
LBR,2021,5259323,621.927983063426
LBY,2003,5619398,11267.0627623548
LBY,2004,5736693,11529.1086646221
LBY,2005,5858798,12628.896152656
LBY,2006,5980211,13176.7758911904
LBY,2007,6104380,13712.9602583972
LBY,2008,6235430,13403.0004645911
LBY,2009,6366686,12549.0854345521
LBY,2010,6497839,12913.9334939386
LBY,2011,6343203,6569.59477578957
LBY,2012,6179328,12599.258882136
LBY,2013,6304628,10126.314927806
LBY,2014,6427252,7644.24843947404
LBY,2015,6531819,8241.365826449513
LBY,2016,6632126,8838.483213424986
LBY,2017,6738770,9435.60060040046
LBY,2018,6849055,10020.9165751361
LBY,2019,6951033,8061.85760773061
LBY,2020,7045399,6102.79864032512
LBY,2021,7135175,7731.35448152581
LKA,2003,19951521,2052.03045078787
LKA,2004,20087605,2149.10628588002
LKA,2005,20216524,2268.6880127005
LKA,2006,20352411,2426.34873273046
LKA,2007,20492545,2573.54362192705
LKA,2008,20629378,2708.58594222506
LKA,2009,20756435,2787.27350976338
LKA,2010,20879089,2993.01411511147
LKA,2011,21009048,3232.37350382301
LKA,2012,21169458,3484.79049033884
LKA,2013,20585000,3728.93586647848
LKA,2014,20778000,3929.92062032185
LKA,2015,20970000,4098.616380033794
LKA,2016,21209000,4267.312139745736
LKA,2017,21453000,4436.00789945768
LKA,2018,21670000,4493.03575444544
LKA,2019,21803000,4360.134453755691
LKA,2020,21919000,4227.23315306594
LKA,2021,22156000,4357.97225779491
LTU,2003,3415213,8218.69336289848
LTU,2004,3377075,8851.92598922347
LTU,2005,3322528,9692.86853763267
LTU,2006,3269909,10577.2145522871
LTU,2007,3231294,11889.3545234657
LTU,2008,3198231,12324.5197331387
LTU,2009,3162916,10612.9204044582
LTU,2010,3097282,10884.1161852582
LTU,2011,3028115,11836.7200384033
LTU,2012,2989139,12516.6184065667
LTU,2013,2961250,13145.8069309969
LTU,2014,2937253,13753.1895982305
LTU,2015,2911109,14400.792841768867
LTU,2016,2877325,15048.396085307233
LTU,2017,2842639,15695.9993288456
LTU,2018,2819200,16604.9021440809
LTU,2019,2811089,17024.27870368045
LTU,2020,2810369,17443.65526328
LTU,2021,2808380,18569.7057246217
LVA,2003,2287955,8149.00183600084
LVA,2004,2263122,8957.23393555082
LVA,2005,2238799,10106.2626157732
LVA,2006,2218357,11507.4648265658
LVA,2007,2200325,12810.0409502542
LVA,2008,2177322,12506.6945041012
LVA,2009,2141669,10675.425174228
LVA,2010,2097555,10500.8666223014
LVA,2011,2059709,11018.5152421583
LVA,2012,2034319,11971.0107466522
LVA,2013,2012647,12353.5386135301
LVA,2014,1993782,12731.6771959342
LVA,2015,1977527,13282.071888193934
LVA,2016,1959537,13832.466580453667
LVA,2017,1942248,14382.8612727134
LVA,2018,1927174,15120.0698171804
LVA,2019,1913822,15010.3996945335
LVA,2020,1900449,14900.7295718866
LVA,2021,1884490,16070.1680032322
MAR,2003,29571415,2229.576171875
MAR,2004,29953018,2301.08178710938
MAR,2005,30358144,2342.15478515625
MAR,2006,30771178,2489.99291992188
MAR,2007,31186468,2540.615234375
MAR,2008,31606767,2648.58569335938
MAR,2009,32030778,2710.66650390625
MAR,2010,32467016,2767.04223632813
MAR,2011,32912588,2879.53930664063
MAR,2012,33355241,2927.45043945313
MAR,2013,33787571,3008.185546875
MAR,2014,34204780,3051.458984375
MAR,2015,34607588,3115.1874186197933
MAR,2016,35023457,3178.9158528645867
MAR,2017,35446392,3242.64428710938
MAR,2018,35839760,3304.7119140625
MAR,2019,36210898,3197.8031005859402
MAR,2020,36584208,3090.89428710938
MAR,2021,36954442,3309.130859375
MDG,2003,18071854,433.601040301214
MDG,2004,18606608,443.278654985967
MDG,2005,19159707,450.955230911228
MDG,2006,19730909,461.540337897729
MDG,2007,20318583,473.785462328449
MDG,2008,20923840,490.963935389518
MDG,2009,21547280,457.789754866068
MDG,2010,22183340,447.417143030687
MDG,2011,22822300,441.755158414121
MDG,2012,23462438,442.641500123543
MDG,2013,24109290,440.674658903628
MDG,2014,24764348,443.343869908205
MDG,2015,25426702,447.846533130147
MDG,2016,26099952,452.349196352089
MDG,2017,26788375,456.851859574031
MDG,2018,27494926,459.330367799543
MDG,2019,28219554,441.127311610931
MDG,2020,28953556,422.924255422319
MDG,2021,29691083,431.599103077746
MEX,2003,102978515,9221.99666693097
MEX,2004,104394131,9421.28975988024
MEX,2005,105811504,9491.51730225718
MEX,2006,107253666,9813.8280424425
MEX,2007,108774360,9877.69532644737
MEX,2008,110374288,9826.3421836048
MEX,2009,111999721,9074.1188145564
MEX,2010,113623895,9389.06722084275
MEX,2011,115243504,9575.93437788582
MEX,2012,116818208,9782.51776305354
MEX,2013,118343573,9738.71059803658
MEX,2014,119784261,9862.48125444199
MEX,2015,121072306,9972.911742743227
MEX,2016,122251351,10083.342231044462
MEX,2017,123400057,10193.7727193457
MEX,2018,124573711,10296.8690928534
MEX,2019,125762982,9765.756358016315
MEX,2020,126799054,9234.64362317923
MEX,2021,127648148,9728.05680032556
MLT,2003,398582,17775.4264786392
MLT,2004,401268,17728.3659761648
MLT,2005,403834,18123.2685184554
MLT,2006,405308,18479.213008171
MLT,2007,406724,19342.3252929886
MLT,2008,409379,20064.4610845081
MLT,2009,412477,19635.9157805971
MLT,2010,414508,20750.6479461598
MLT,2011,416268,20867.9310851632
MLT,2012,420028,21529.3982167566
MLT,2013,424810,22626.4981391343
MLT,2014,433481,23866.0667851301
MLT,2015,444220,25426.264435617133
MLT,2016,454505,26986.462086104166
MLT,2017,467106,28546.6597365912
MLT,2018,483903,29536.8052374716
MLT,2019,503912,28699.312760962697
MLT,2020,515490,27861.8202844538
MLT,2021,518150,31436.3493030938
MMR,2003,46667192,411.498764127557
MMR,2004,47068772,463.33013572168
MMR,2005,47438365,522.099544791815
MMR,2006,47785135,586.085579935448
MMR,2007,48125043,651.729730899198
MMR,2008,48390793,714.620419027129
MMR,2009,48660459,785.634853168658
MMR,2010,49024382,854.932478027749
MMR,2011,49419820,895.512538762631
MMR,2012,49837446,953.123081936485
MMR,2013,50262658,1024.69060474658
MMR,2014,50681634,1099.24387751605
MMR,2015,51089056,1163.0172817688933
MMR,2016,51495696,1226.7906860217365
MMR,2017,51894938,1290.56409027458
MMR,2018,52272247,1361.56831265985
MMR,2019,52640713,1331.441088092175
MMR,2020,53016522,1301.3138635245
MMR,2021,53387102,1136.99566055698
MNE,2003,612267,4581.10700736435
MNE,2004,613353,4775.39883026359
MNE,2005,614261,4967.68527082416
MNE,2006,615025,5386.53833750521
MNE,2007,615875,5763.04035952173
MNE,2008,616969,6149.68558098863
MNE,2009,618294,5768.65709477479
MNE,2010,619428,5917.91788713074
MNE,2011,620345,6110.66013917018
MNE,2012,621418,5948.3791195297
MNE,2013,622587,6138.25153608056
MNE,2014,623744,6272.09116381077
MNE,2015,624651,6461.697960674574
MNE,2016,625353,6651.304757538376
MNE,2017,625982,6840.91155440218
MNE,2018,626438,7159.47114735985
MNE,2019,626753,6755.7130052823395
MNE,2020,626590,6351.95486320483
MNE,2021,625053,7198.30460781272
MOZ,2003,19392475,356.521157404125
MOZ,2004,19840313,377.064958084878
MOZ,2005,20304569,391.699758163976
MOZ,2006,20787087,420.526462764726
MOZ,2007,21287635,442.049574057751
MOZ,2008,21819036,460.94729485679
MOZ,2009,22391745,475.788178051193
MOZ,2010,22999235,494.162859074785
MOZ,2011,23649039,514.869957191994
MOZ,2012,24337846,540.2945177803
MOZ,2013,25051611,559.393953685688
MOZ,2014,25788475,585.266716133984
MOZ,2015,26547572,596.3103755427674
MOZ,2016,27337105,607.3540349515506
MOZ,2017,28166393,618.397694360334
MOZ,2018,29018644,621.153734194787
MOZ,2019,29884380,606.4788970903595
MOZ,2020,30783688,591.804059985932
MOZ,2021,31707800,588.215854695416
MRT,2003,2802046,1308.56307582578
MRT,2004,2868664,1338.66768122804
MRT,2005,2939059,1418.53202144135
MRT,2006,3013660,1637.04191255803
MRT,2007,3093059,1563.60628765192
MRT,2008,3183269,1514.2655013629
MRT,2009,3284448,1469.05426880813
MRT,2010,3390965,1460.19179652873
MRT,2011,3502811,1472.55245572229
MRT,2012,3619034,1488.97177557214
MRT,2013,3734318,1502.90142381083
MRT,2014,3848514,1520.64621634902
MRT,2015,3965959,1539.12033698322
MRT,2016,4086657,1557.59445761742
MRT,2017,4210600,1576.06857825162
MRT,2018,4337685,1602.90225649072
MRT,2019,4467708,1578.104206178315
MRT,2020,4600131,1553.30615586591
MRT,2021,4734874,1520.3111804259
MUS,2003,1213370,6250.2637051329
MUS,2004,1221003,6480.13648507258
MUS,2005,1228254,6556.38819193225
MUS,2006,1233996,6843.39977734988
MUS,2007,1239630,7202.43853899489
MUS,2008,1244121,7563.03143738425
MUS,2009,1247429,7793.0308214588
MUS,2010,1250400,8114.82056038003
MUS,2011,1252404,8432.19129317694
MUS,2012,1255882,8702.82242878289
MUS,2013,1258927,8973.51550099533
MUS,2014,1261208,9300.07878638583
MUS,2015,1262879,9660.02381448162
MUS,2016,1263747,10019.96884257741
MUS,2017,1264887,10379.9138706732
MUS,2018,1265577,10789.9241521132
MUS,2019,1265985,10136.800089210836
MUS,2020,1266014,9483.67602630847
MUS,2021,1266334,9804.0031863121
MYS,2003,24679602,6732.92049458099
MYS,2004,25256772,7025.34558004381
MYS,2005,25836071,7234.02442689141
MYS,2006,26417909,7469.8106921211
MYS,2007,26998389,7769.59693350488
MYS,2008,27570059,7976.11785374773
MYS,2009,28124778,7700.46111294033
MYS,2010,28655776,8118.92270511981
MYS,2011,29162039,8400.32248683558
MYS,2012,29662831,8710.52671359902
MYS,2013,30174265,8964.80724896203
MYS,2014,30696137,9341.73055971278
MYS,2015,31232798,9659.074679987254
MYS,2016,31789685,9976.418800261727
MYS,2017,32355644,10293.7629205362
MYS,2018,32910967,10610.1950240479
MYS,2019,33440596,10390.83040416205
MYS,2020,33889558,10171.4657842762
MYS,2021,34282399,10388.2667120857
NAM,2003,1917464,3232.30589658857
NAM,2004,1942082,3582.89503259701
NAM,2005,1966582,3627.75059772278
NAM,2006,1991888,3834.99894666178
NAM,2007,2018600,3987.61796106565
NAM,2008,2047056,4036.38187484707
NAM,2009,2077394,3989.20711387651
NAM,2010,2109811,4165.12990200988
NAM,2011,2146325,4302.72451368462
NAM,2012,2194654,4420.96741373862
NAM,2013,2252508,4549.26759093897
NAM,2014,2312139,4701.95694189098
NAM,2015,2374300,4626.882375934337
NAM,2016,2439213,4551.807809977693
NAM,2017,2506853,4476.73324402105
NAM,2018,2577327,4400.47537705743
NAM,2019,2650494,4093.987408395145
NAM,2020,2728762,3787.49943973286
NAM,2021,2810548,3809.80753359714
NGA,2003,137202644,1717.2145111176
NGA,2004,141057045,1824.80269456773
NGA,2005,145017253,1889.25175325818
NGA,2006,149077334,1949.15856804565
NGA,2007,153267261,2020.83316299454
NGA,2008,157595014,2098.28339220668
NGA,2009,162049464,2204.6072560373
NGA,2010,166642886,2315.46676509663
NGA,2011,171379598,2370.97657091803
NGA,2012,176200625,2403.65387896924
NGA,2013,181049443,2495.34106573749
NGA,2014,185896915,2583.6155695814
NGA,2015,190671878,2536.3145010692265
NGA,2016,195443700,2489.0134325570534
NGA,2017,200254579,2441.71236404488
NGA,2018,204938755,2431.77857832568
NGA,2019,209485641,2330.23244627728
NGA,2020,213996181,2228.68631422888
NGA,2021,218529286,2206.66406250067
NIC,2003,5210963,1494.95618752566
NIC,2004,5272912,1555.87425694816
NIC,2005,5342105,1601.48770707458
NIC,2006,5418855,1644.37193565251
NIC,2007,5497243,1703.20780299405
NIC,2008,5576593,1736.65740610408
NIC,2009,5656601,1655.72028962416
NIC,2010,5737450,1704.37875049059
NIC,2011,5819051,1786.62863418308
NIC,2012,5901287,1876.1759720149
NIC,2013,5983845,1941.45628552626
NIC,2014,6066492,2006.64869646533
NIC,2015,6149417,2074.3100423875967
NIC,2016,6232666,2141.9713883098634
NIC,2017,6316231,2209.63273423213
NIC,2018,6400080,2107.3396261623
NIC,2019,6483657,2028.7657191735152
NIC,2020,6565267,1950.19181218473
NIC,2021,6644741,2128.30881395452
NLD,2003,16225302,40981.8477039972
NLD,2004,16281779,41663.1477772692
NLD,2005,16319868,42411.3453838518
NLD,2006,16346101,43841.1223404104
NLD,2007,16381696,45445.522872349
NLD,2008,16445593,46227.211156219
NLD,2009,16530388,44304.4119317351
NLD,2010,16615394,44659.272839058
NLD,2011,16693074,45239.7318887962
NLD,2012,16754962,44631.8745388789
NLD,2013,16804432,44487.03063469
NLD,2014,16865008,45042.0669545832
NLD,2015,16939923,45918.079878165365
NLD,2016,17030314,46794.09280174753
NLD,2017,17131296,47670.1057253297
NLD,2018,17231624,48463.0299739951
NLD,2019,17344874,47774.805196632646
NLD,2020,17441500,47086.5804192702
NLD,2021,17533044,49780.8440526836
NOR,2003,4564855,69719.3122573679
NOR,2004,4591910,72090.9862854901
NOR,2005,4623291,73524.2549197612
NOR,2006,4660677,74729.7365961068
NOR,2007,4709153,76115.7066768285
NOR,2008,4768212,75535.2118003041
NOR,2009,4828726,73141.3073299889
NOR,2010,4889252,72804.3956188398
NOR,2011,4953088,72660.6754124944
NOR,2012,5018573,73661.6785830334
NOR,2013,5079623,73515.9144917472
NOR,2014,5137232,74180.3238731011
NOR,2015,5188607,74869.35313024544
NOR,2016,5234519,75558.38238738976
NOR,2017,5276968,76247.4116445341
NOR,2018,5311916,76373.6474606092
NOR,2019,5347896,75830.42670668449
NOR,2020,5379475,75287.2059527598
NOR,2021,5408320,77812.7115614383
NZL,2003,4027200,33517.0893271345
NZL,2004,4087500,34372.5891093868
NZL,2005,4133900,35126.3341641095
NZL,2006,4184600,35665.3533259784
NZL,2007,4223800,36414.3173040299
NZL,2008,4259800,35739.3584607571
NZL,2009,4302600,35370.585185302
NZL,2010,4350700,35489.7631519026
NZL,2011,4384000,35957.523248516
NZL,2012,4408100,36607.1493914827
NZL,2013,4442100,37267.6586997514
NZL,2014,4516500,38056.2646732554
NZL,2015,4609400,38611.7120633109
NZL,2016,4714100,39167.159453366396
NZL,2017,4813600,39722.6068434219
NZL,2018,4900600,40371.5456268118
NZL,2019,4970300,40078.5093777274
NZL,2020,5072400,39785.473128643
NZL,2021,5084600,41490.1148198326
OMN,2003,2363796,19485.6441506077
OMN,2004,2404821,19534.8601445269
OMN,2005,2459802,19629.0451546015
OMN,2006,2514795,20096.3965576134
OMN,2007,2570174,20642.7489563377
OMN,2008,2626529,22007.7338963517
OMN,2009,2684659,22819.1977324647
OMN,2010,2757446,22766.0503620721
OMN,2011,3076763,20993.9079436935
OMN,2012,3547106,19824.1215485946
OMN,2013,3833913,19299.9400516869
OMN,2014,4002439,18726.2026946971
OMN,2015,4184895,18576.783651003065
OMN,2016,4390877,18427.364607309035
OMN,2017,4537396,18277.945563615
OMN,2018,4597877,18269.6769435562
OMN,2019,4591241,18006.78141180195
OMN,2020,4522497,17743.8858800477
OMN,2021,4500424,18291.3387983888
PAK,2003,167110248,1090.27523993746
PAK,2004,171286000,1146.99632842666
PAK,2005,175453212,1201.23359367214
PAK,2006,179682690,1243.94142602543
PAK,2007,184493231,1265.35567539842
PAK,2008,189499113,1258.05188934452
PAK,2009,194376534,1269.07432116444
PAK,2010,199239047,1256.69482201323
PAK,2011,203746065,1261.83161907857
PAK,2012,207667125,1275.48806898966
PAK,2013,211073978,1309.70080446386
PAK,2014,214264647,1343.30778121043
PAK,2015,217290883,1393.9591459003934
PAK,2016,220138869,1444.6105105903566
PAK,2017,223273967,1495.26187528032
PAK,2018,226928892,1561.68169819559
PAK,2019,230800899,1543.84383652933
PAK,2020,235001746,1526.00597486307
PAK,2021,239477801,1595.02792175422
PAN,2003,3189807,7037.08164896629
PAN,2004,3251155,7468.76593461799
PAN,2005,3313026,7935.87134515908
PAN,2006,3375024,8557.98017379308
PAN,2007,3437490,9507.64640169959
PAN,2008,3500648,10288.1549774225
PAN,2009,3564381,10267.0633132424
PAN,2010,3628535,10698.0717490512
PAN,2011,3693505,11761.4988389067
PAN,2012,3759256,12668.2945402358
PAN,2013,3825329,13236.8306490828
PAN,2014,3892101,13611.5490656071
PAN,2015,3960035,14089.547916943067
PAN,2016,4029086,14567.546768279033
PAN,2017,4098707,15045.545619615
PAN,2018,4167860,15375.6434854475
PAN,2019,4234700,14011.3630704138
PAN,2020,4293261,12647.0826553801
PAN,2021,4345405,14552.9401400295
PER,2003,27580490,3502.79165687646
PER,2004,27852190,3640.60299869744
PER,2005,28101180,3835.13219279722
PER,2006,28324491,4091.36268615581
PER,2007,28530699,4407.79121686416
PER,2008,28719041,4778.52642172313
PER,2009,28896811,4801.17153740507
PER,2010,29086019,5167.39259325937
PER,2011,29304086,5453.45718713631
PER,2012,29550366,5740.04346272472
PER,2013,29817919,6021.46142765232
PER,2014,30115826,6103.91864749969
PER,2015,30457600,6221.7522325155305
PER,2016,30866494,6339.58581753137
PER,2017,31324637,6457.41940254721
PER,2018,31897584,6593.14437459526
PER,2019,32449303,6212.487311090235
PER,2020,32838579,5831.83024758521
PER,2021,33155882,6547.84718181776
PHL,2003,84731835,1892.82161995051
PHL,2004,86394504,1978.34489133113
PHL,2005,88015962,2037.8776605946
PHL,2006,89508986,2110.42044781284
PHL,2007,91075184,2209.34651083329
PHL,2008,92699095,2264.9462907288
PHL,2009,94384250,2256.72554835463
PHL,2010,96337125,2373.14312064664
PHL,2011,98248614,2416.75212064542
PHL,2012,100175512,2533.74141964959
PHL,2013,102076336,2654.41506933978
PHL,2014,103767130,2776.92005909479
PHL,2015,105312992,2933.763502008593
PHL,2016,106735719,3090.606944922397
PHL,2017,108119693,3247.4503878362
PHL,2018,109465287,3410.93647976109
PHL,2019,110804683,3304.80168992261
PHL,2020,112081264,3198.66690008413
PHL,2021,113100950,3350.97587587776
PLW,2003,19659,13250.6865944432
PLW,2004,19820,13599.4436174869
PLW,2005,19819,13992.4700518965
PLW,2006,19593,14186.1538388023
PLW,2007,19302,14590.4803753503
PLW,2008,19009,14045.7297946023
PLW,2009,18709,13338.1300928439
PLW,2010,18396,13206.5122645
PLW,2011,18078,14123.1262308557
PLW,2012,17765,14609.8376964301
PLW,2013,17648,14331.3395472642
PLW,2014,17715,15015.0026129107
PLW,2015,17770,15290.541204829766
PLW,2016,17797,15566.079796748832
PLW,2017,17812,15841.6183886679
PLW,2018,17814,15642.8069323229
PLW,2019,17798,15087.898388189351
PLW,2020,17792,14532.9898440558
PLW,2021,17783,12612.2906184953
PNG,2003,6123997,1832.67870314447
PNG,2004,6328041,1821.84741071002
PNG,2005,6535905,1875.82273480514
PNG,2006,6747720,1915.2349405788
PNG,2007,6963345,2000.9726186689
PNG,2008,7183002,1934.03201558753
PNG,2009,7406438,2003.24109727039
PNG,2010,7633523,2140.50939027384
PNG,2011,7859346,2102.03192060639
PNG,2012,8081390,2139.48096660428
PNG,2013,8302698,2162.10592595591
PNG,2014,8523441,2391.3578028163
PNG,2015,8743246,2455.8679897532334
PNG,2016,8961718,2520.3781766901666
PNG,2017,9178714,2584.8883636271
PNG,2018,9394513,2518.45899317321
PNG,2019,9609010,2478.53518619807
PNG,2020,9815746,2438.61137922293
PNG,2021,10012896,2378.3716816549
POL,2003,38204570,7915.55424389704
POL,2004,38182222,8323.38773754587
POL,2005,38165445,8598.57681241557
POL,2006,38141267,9137.65850849801
POL,2007,38120560,9760.7042604352
POL,2008,38125759,10187.2017910883
POL,2009,38151603,10446.5289138524
POL,2010,38042794,10808.3975674238
POL,2011,38063255,11370.313427173
POL,2012,38063164,11542.2353368014
POL,2013,38040196,11628.2286809525
POL,2014,38011735,12093.1622787394
POL,2015,37986412,12627.323280783734
POL,2016,37970087,13161.484282828067
POL,2017,37974826,13695.6452848724
POL,2018,37974750,14551.0850277089
POL,2019,37965475,14820.6539358601
POL,2020,37515748,15090.2228440113
POL,2021,36981559,16368.6239689025
PRT,2003,10458821,18846.5411893632
PRT,2004,10483861,19137.8370898949
PRT,2005,10503330,19251.71450683
PRT,2006,10522288,19529.3122100477
PRT,2007,10542964,19979.5706280792
PRT,2008,10558177,20014.4749330004
PRT,2009,10568247,19371.1318876855
PRT,2010,10573100,19698.6836791397
PRT,2011,10557560,19389.6395896162
PRT,2012,10514844,18679.7626789594
PRT,2013,10457295,18597.7214623964
PRT,2014,10401062,18836.8967978906
PRT,2015,10358076,19345.996623125266
PRT,2016,10325452,19855.096448359935
PRT,2017,10300300,20364.1962735946
PRT,2018,10283822,20997.7745987013
PRT,2019,10286263,20388.244275636753
PRT,2020,10297081,19778.7139525722
PRT,2021,10361831,20747.6990734163
QAT,2003,744682,52255.320560255
QAT,2004,773332,59990.23422872
QAT,2005,825408,60416.7101500199
QAT,2006,972831,64676.3189868053
QAT,2007,1208595,61423.0131050382
QAT,2008,1426938,61213.7206556875
QAT,2009,1608903,60781.8017337781
QAT,2010,1616832,72333.8027430124
QAT,2011,1624761,81608.4080652473
QAT,2012,1722438,80621.7554942834
QAT,2013,1916426,76486.9151226864
QAT,2014,2151745,71756.0265797248
QAT,2015,2344557,69336.5591379411
QAT,2016,2477113,66917.0916961574
QAT,2017,2545820,64497.6242543737
QAT,2018,2580734,64410.7171628721
QAT,2019,2638657,61090.15038410025
QAT,2020,2794148,57769.5836053284
QAT,2021,2504910,65488.5460040395
ROU,2003,21574326,5410.30835796252
ROU,2004,21451748,6008.64048461485
ROU,2005,21319685,6328.09022324183
ROU,2006,21193760,6876.77841417966
ROU,2007,20882982,7483.97375820611
ROU,2008,20537875,8318.00342795388
ROU,2009,20367487,7924.87058070212
ROU,2010,20246871,7660.70667630517
ROU,2011,20147528,8044.57194920892
ROU,2012,20058035,8234.28553425194
ROU,2013,19983693,8287.95844089676
ROU,2014,19908979,8661.47397274241
ROU,2015,19815616,9143.058300403372
ROU,2016,19702267,9624.642628064337
ROU,2017,19588715,10106.2269557253
ROU,2018,19473970,10714.1701157127
ROU,2019,19371648,10784.10977379985
ROU,2020,19265250,10854.049431887
ROU,2021,19122059,11546.3224998072
RUS,2003,144648618,6370.45361328125
RUS,2004,144067316,6856.67822265625
RUS,2005,143518814,7323.38525390625
RUS,2006,143049637,7949.89697265625
RUS,2007,142805114,8640.40625
RUS,2008,142742366,9093.7001953125
RUS,2009,142785348,8381.8681640625
RUS,2010,142849468,8755.1201171875
RUS,2011,143018195,9120.8203125
RUS,2012,143378447,9464.0107421875
RUS,2013,143805638,9601.537109375
RUS,2014,144237223,9493.8125
RUS,2015,144640716,9468.846354166666
RUS,2016,145015460,9443.880208333334
RUS,2017,145293260,9418.9140625
RUS,2018,145398106,9674.787109375
RUS,2019,145453291,9653.55615234375
RUS,2020,145245148,9632.3251953125
RUS,2021,144746762,10231.318359375
SAU,2003,18786767,20765.9387688082
SAU,2004,19669480,21545.894988606
SAU,2005,20559890,21838.1915349374
SAU,2006,21459144,21616.3355772516
SAU,2007,22368313,21196.7926036633
SAU,2008,23287877,21629.8405734551
SAU,2009,24217654,20577.5453445336
SAU,2010,23978487,21830.1424272816
SAU,2011,25091867,23314.5576023168
SAU,2012,26168861,23643.0358324647
SAU,2013,27624004,23057.3494468535
SAU,2014,28309273,23404.7306039825
SAU,2015,29816382,23281.52706857857
SAU,2016,30954198,23158.323533174633
SAU,2017,30977355,23035.1199977707
SAU,2018,30196281,24393.5188306638
SAU,2019,30063799,23610.5953831059
SAU,2020,31552510,22827.671935548
SAU,2021,30784383,24922.6716948944
SDN,2003,29896035,1226.42077636719
SDN,2004,30556637,1255.67114257813
SDN,2005,31262444,1290.24438476563
SDN,2006,31992435,1336.1240234375
SDN,2007,32764135,1372.10961914063
SDN,2008,33623980,1381.62561035156
SDN,2009,34569113,1301.34729003906
SDN,2010,35414399,1311.22314453125
SDN,2011,36140806,1388.21813964844
SDN,2012,36923178,1288.25854492188
SDN,2013,37785849,1283.45922851563
SDN,2014,38823318,1307.3896484375
SDN,2015,40024431,1292.2176106770833
SDN,2016,41259892,1277.0455729166667
SDN,2017,42714306,1261.87353515625
SDN,2018,44230596,1185.94445800781
SDN,2019,45548175,1121.4046020507799
SDN,2020,46789231,1056.86474609375
SDN,2021,48066924,1009.54888916016
SEN,2003,10721176,1074.38578467686
SEN,2004,10975704,1098.20064546027
SEN,2005,11235472,1119.0505307548
SEN,2006,11500094,1118.7830430051
SEN,2007,11770344,1123.99862153285
SEN,2008,12048959,1138.66883930214
SEN,2009,12337389,1142.65317233964
SEN,2010,12635413,1153.53431121583
SEN,2011,12958897,1139.74447892639
SEN,2012,13310495,1154.05677992367
SEN,2013,13710849,1147.3859217191
SEN,2014,14152102,1180.7987108505
SEN,2015,14593331,1224.5689164871633
SEN,2016,15034521,1268.3391221238267
SEN,2017,15475002,1312.10932776049
SEN,2018,15914498,1355.09610863712
SEN,2019,16352922,1358.4437730617901
SEN,2020,16789219,1361.79143748646
SEN,2021,17220867,1414.5395109385
SGP,2003,4114826,36709.7965038255
SGP,2004,4166664,39856.6356222613
SGP,2005,4265762,41798.4880834671
SGP,2006,4401365,44159.4101820552
SGP,2007,4588599,46178.8139470199
SGP,2008,4839396,44601.5799302699
SGP,2009,4987573,43331.8746638962
SGP,2010,5076732,48752.0515441859
SGP,2011,5183688,50713.5326393594
SGP,2012,5312437,51679.352717333
SGP,2013,5399162,53298.9728558286
SGP,2014,5469724,54681.9336458253
SGP,2015,5535002,56283.05629301423
SGP,2016,5607283,57884.17894020317
SGP,2017,5612253,59485.3015873921
SGP,2018,5638676,61250.3476672302
SGP,2019,5703569,60220.0257623301
SGP,2020,5685807,59189.70385743
SGP,2021,5453566,67731.2610711717
SLB,2003,466154,1573.84348435767
SLB,2004,474611,1664.57315979072
SLB,2005,483080,1755.74082446273
SLB,2006,491594,1796.71439810674
SLB,2007,500156,1830.23321405807
SLB,2008,508790,1911.18969015528
SLB,2009,518141,1930.46287614922
SLB,2010,532968,2058.95691648883
SLB,2011,552945,2132.02844199392
SLB,2012,573606,2105.91423758379
SLB,2013,594945,2136.72116177034
SLB,2014,616908,2085.16067273086
SLB,2015,639415,2081.8961328282567
SLB,2016,662379,2078.6315929256534
SLB,2017,685672,2075.36705302305
SLB,2018,709101,2061.8996970669
SLB,2019,728147,1996.2774000694449
SLB,2020,744498,1930.65510307199
SLB,2021,762591,1880.5519827183
SLE,2003,5177687,806.066489012144
SLE,2004,5355717,829.759768928304
SLE,2005,5501712,842.906030904902
SLE,2006,5624466,859.824260714965
SLE,2007,5749352,872.68836234614
SLE,2008,5894722,882.54147817868
SLE,2009,6055646,872.23959352481
SLE,2010,6222714,902.769891411394
SLE,2011,6387251,950.760763054593
SLE,2012,6551080,1025.04366004502
SLE,2013,6714051,1146.81973456475
SLE,2014,6876385,1032.23789355905
SLE,2015,7037655,1025.00757594339
SLE,2016,7205328,1017.77725832773
SLE,2017,7379299,1010.54694071207
SLE,2018,7554563,1015.6678297205
SLE,2019,7731991,1012.960387934035
SLE,2020,7912558,1010.25294614757
SLE,2021,8094602,1045.7661615758
SLV,2003,5998599,3057.16467629097
SLV,2004,6004671,3081.23629665234
SLV,2005,6005578,3163.36118376833
SLV,2006,6002319,3302.34817354347
SLV,2007,6009824,3359.1623024135
SLV,2008,6029297,3420.44927357444
SLV,2009,6048279,3337.81150878211
SLV,2010,6068249,3398.49346060363
SLV,2011,6090127,3514.069144355
SLV,2012,6113975,3601.44222914588
SLV,2013,6138839,3665.1547327058
SLV,2014,6162955,3713.94992016222
SLV,2015,6183676,3794.2466610333868
SLV,2016,6200800,3874.5434019045533
SLV,2017,6213533,3954.84014277572
SLV,2018,6219807,4046.16291720583
SLV,2019,6222318,3927.34743578496
SLV,2020,6234673,3808.53195436409
SLV,2021,6255782,4247.54750394978
SOM,2003,9909157,257.910337235986
SOM,2004,10280998,266.257271856641
SOM,2005,10644228,275.457040798093
SOM,2006,10975502,284.470789865234
SOM,2007,11322582,294.210404466634
SOM,2008,11663084,304.741448811117
SOM,2009,11961201,317.03818481457
SOM,2010,12261756,329.970504936941
SOM,2011,12348830,349.577449077722
SOM,2012,12461160,369.617204753385
SOM,2013,12869594,397.108796344858
SOM,2014,13339491,417.516796906395
SOM,2015,13806963,447.1782308974163
SOM,2016,14348740,476.83966488843765
SOM,2017,14916629,506.501098879459
SOM,2018,15452487,498.981065013872
SOM,2019,16030971,480.924059375554
SOM,2020,16651191,462.867053737236
SOM,2021,17271431,461.627830725978
STP,2003,153814,1036.86196260207
STP,2004,157705,1047.05796134884
STP,2005,161639,1089.14778798762
STP,2006,165638,1157.0861446542
STP,2007,169700,1170.51612474435
STP,2008,173793,1214.14114724792
STP,2009,177853,1225.60541902997
STP,2010,181802,1216.3502521663
STP,2011,185649,1214.96130276731
STP,2012,189439,1225.6945255615
STP,2013,193148,1263.70423995281
STP,2014,196767,1301.32146445028
STP,2015,200291,1326.0789872475166
STP,2016,203689,1350.8365100447534
STP,2017,206970,1375.59403284199
STP,2018,210187,1413.84348618541
STP,2019,213392,1422.342339588185
STP,2020,217435,1430.84119299096
STP,2021,221961,1428.28676097975
SUR,2003,506414,6567.84309876847
SUR,2004,513923,7021.98919924338
SUR,2005,519313,7261.8171350196
SUR,2006,524997,7599.35696921481
SUR,2007,531016,7897.25648915828
SUR,2008,537245,8129.11464659446
SUR,2009,543568,8276.69079768793
SUR,2010,549923,8603.90786745855
SUR,2011,556269,9003.28597674886
SUR,2012,562633,9140.92898611536
SUR,2013,569020,9303.46008775809
SUR,2014,575373,9224.24378410547
SUR,2015,581627,8929.059974076521
SUR,2016,587757,8633.87616404757
SUR,2017,593713,8338.69235401862
SUR,2018,599513,8666.64870697797
SUR,2019,605768,7939.8781868387005
SUR,2020,612317,7213.10766669943
SUR,2021,617896,6973.89941868115
SVN,2003,1995733,17635.3608581831
SVN,2004,1997012,18425.2601213581
SVN,2005,2000474,19102.2776603905
SVN,2006,2006868,20166.5323431214
SVN,2007,2018122,21485.780992381
SVN,2008,2021316,22175.2369557321
SVN,2009,2039669,20307.6188322273
SVN,2010,2048583,20444.1201295876
SVN,2011,2052843,20535.4155754108
SVN,2012,2057159,19894.8697964548
SVN,2013,2059953,19704.2186005128
SVN,2014,2061980,20228.7081986391
SVN,2015,2063531,20951.7266320373
SVN,2016,2065042,21674.7450654355
SVN,2017,2066388,22397.7634988337
SVN,2018,2073894,23293.966665323
SVN,2019,2088385,23052.8858597004
SVN,2020,2102419,22811.8050540778
SVN,2021,2108079,24665.4410464026
SWE,2003,8958229,43475.3655433221
SWE,2004,8993531,45114.6701230708
SWE,2005,9029572,46189.6828420555
SWE,2006,9080505,48078.3520110084
SWE,2007,9148092,49262.152916545
SWE,2008,9219637,48428.6587081751
SWE,2009,9298515,45974.3911151254
SWE,2010,9378126,48205.5492512742
SWE,2011,9449213,49356.5905257047
SWE,2012,9519374,48789.7906883637
SWE,2013,9600379,48928.4994141291
SWE,2014,9696110,49557.6183647959
SWE,2015,9799186,50336.537182457534
SWE,2016,9923085,51115.456000119164
SWE,2017,10057698,51894.3748177808
SWE,2018,10175214,52203.0872589761
SWE,2019,10278887,51913.8342189667
SWE,2020,10353442,51624.5811789573
SWE,2021,10415811,53997.1337068799
SYR,2003,17889296,1307.4814585452
SYR,2004,18336875,1363.61946683869
SYR,2005,18814091,1411.63184941498
SYR,2006,19637022,1420.72293121298
SYR,2007,20884125,1411.6899137524
SYR,2008,21636564,1423.59559425951
SYR,2009,21976969,1484.40523742854
SYR,2010,22482421,1526.36894402751
SYR,2011,22878098,1542.71957174916
SYR,2012,22759763,1142.29080150598
SYR,2013,21666917,884.329813332104
SYR,2014,20273659,847.659877206276
SYR,2015,19424618,830.400990461137
SYR,2016,19193834,813.142103715998
SYR,2017,19224668,795.883216970859
SYR,2018,19577845,792.413811698757
SYR,2019,20353534,766.6126043560974
SYR,2020,21049429,740.811397013438
SYR,2021,21628839,734.334236323426
TGO,2003,5552167,702.799255960869
TGO,2004,5696508,678.28759996017
TGO,2005,5844631,630.248678309054
TGO,2006,6010668,629.079905835563
TGO,2007,6188344,603.83784338967
TGO,2008,6368812,610.405413708475
TGO,2009,6551865,625.711511370434
TGO,2010,6732590,644.5632812645
TGO,2011,6916474,663.96334052788
TGO,2012,7100736,687.495464571464
TGO,2013,7285442,709.09186114976
TGO,2014,7472450,730.291049611232
TGO,2015,7663195,744.9523321899667
TGO,2016,7858289,759.6136147687013
TGO,2017,8057140,774.274897347436
TGO,2018,8258778,791.592405216309
TGO,2019,8463068,799.9465511477586
TGO,2020,8669720,808.300697079208
TGO,2021,8878379,829.786700130989
THA,2003,64868166,4018.15538187068
THA,2004,65452047,4232.77157261934
THA,2005,66017420,4372.25730206261
THA,2006,66567687,4551.5250018314
THA,2007,67102394,4760.66708464831
THA,2008,67619830,4805.76393990836
THA,2009,68121080,4737.45679763314
THA,2010,68579447,5059.35747831657
THA,2011,69007208,5070.23740191942
THA,2012,69436098,5403.87846036273
THA,2013,69845114,5516.61164164135
THA,2014,70216367,5541.46599361845
THA,2015,70540795,5719.89168807924
THA,2016,70859841,5898.31738254003
THA,2017,71160187,6076.74307700082
THA,2018,71376079,6314.19948412043
THA,2019,71522271,6174.6928807456
THA,2020,71641484,6035.18627737077
THA,2021,71727332,6121.52696529713
TTO,2003,1338709,12714.5004334846
TTO,2004,1345380,13657.2534995604
TTO,2005,1294494,15075.4179709902
TTO,2006,1297944,17021.2241679562
TTO,2007,1303188,17758.6995224652
TTO,2008,1308587,18285.2735441992
TTO,2009,1310106,17461.9640940055
TTO,2010,1317714,17938.0949459463
TTO,2011,1328019,17746.509252615
TTO,2012,1335194,18835.6674122954
TTO,2013,1340557,19392.1974593783
TTO,2014,1345343,20032.5402001718
TTO,2015,1349667,19155.898644396333
TTO,2016,1353895,18279.257088620867
TTO,2017,1356633,17402.6155328454
TTO,2018,1359193,17205.615135339
TTO,2019,1363985,16442.78814201075
TTO,2020,1366725,15679.9611486825
TTO,2021,1367558,15558.0940536829
TUN,2003,10071632,3058.22895827842
TUN,2004,10166163,3218.72320748457
TUN,2005,10255472,3301.93817216029
TUN,2006,10346410,3444.5513526091
TUN,2007,10441702,3642.11977444786
TUN,2008,10542635,3760.11828478704
TUN,2009,10650681,3835.25011939301
TUN,2010,10765980,3906.90625867605
TUN,2011,10886035,3784.7412903401
TUN,2012,11009647,3900.04620132702
TUN,2013,11141361,3947.58763533174
TUN,2014,11274288,4021.59954703591
TUN,2015,11402264,4035.3350531390033
TUN,2016,11528674,4049.0705592420964
TUN,2017,11650498,4062.80606534519
TUN,2018,11765514,4127.97005697994
TUN,2019,11875081,3938.6192357546097
TUN,2020,11974057,3749.26841452928
TUN,2021,12048622,3902.53322990199
TZA,2003,37089555,621.720703125
TZA,2004,38109668,650.516540527344
TZA,2005,39182076,680.051208496094
TZA,2006,40294902,704.502746582031
TZA,2007,41435512,731.52001953125
TZA,2008,42570728,752.540466308594
TZA,2009,43633982,772.929565429688
TZA,2010,44758488,801.29931640625
TZA,2011,46029367,838.999267578125
TZA,2012,47374260,851.910705566406
TZA,2013,48824128,882.8115234375
TZA,2014,50351512,913.811218261719
TZA,2015,52020962,943.0604654947927
TZA,2016,53824013,972.3097127278663
TZA,2017,55652890,1001.55895996094
TZA,2018,57437145,1024.01525878906
TZA,2019,59174891,1032.637451171875
TZA,2020,60972798,1041.25964355469
TZA,2021,62830412,1054.31726074219
UKR,2003,48315136,1814.25854492188
UKR,2004,47979507,2042.44494628906
UKR,2005,47585556,2122.6015625
UKR,2006,47278694,2298.13232421875
UKR,2007,47062798,2498.35205078125
UKR,2008,46819175,2567.69409179688
UKR,2009,46623731,2188.17016601563
UKR,2010,46456003,2285.93383789063
UKR,2011,46307853,2418.12084960938
UKR,2012,46210056,2426.92944335938
UKR,2013,46126770,2432.41625976563
UKR,2014,45972380,2308.6435546875
UKR,2015,45784896,2278.3466796875
UKR,2016,45616832,2248.0498046875
UKR,2017,45436041,2217.7529296875
UKR,2018,45208907,2308.6669921875
UKR,2019,44957458,2316.38720703125
UKR,2020,44680014,2324.107421875
UKR,2021,44298640,2426.6123046875
URY,2003,3281186,9878.75684344081
URY,2004,3283148,10366.9067382871
URY,2005,3285771,11131.3984890038
URY,2006,3289506,11574.470540231
URY,2007,3295153,12310.482735502
URY,2008,3302177,13165.83628166
URY,2009,3310091,13691.71420689
URY,2010,3318580,14722.3780081191
URY,2011,3326825,15443.9961926395
URY,2012,3335401,15949.3176985435
URY,2013,3345337,16639.4054750651
URY,2014,3356334,17122.0364563225
URY,2015,3368017,17285.225527582734
URY,2016,3379283,17448.414598842966
URY,2017,3388438,17611.6036701032
URY,2018,3394534,17608.9441195037
URY,2019,3397206,17026.153809794
URY,2020,3398968,16443.3635000843
URY,2021,3396695,17416.0052208869
USA,2003,290107933,49662.7520549839
USA,2004,292805298,51098.5573007417
USA,2005,295516599,52393.4513113092
USA,2006,298379912,53335.5896950225
USA,2007,301231207,53889.3964951775
USA,2008,304093966,53442.7136899777
USA,2009,306771529,51611.3217087719
USA,2010,309378227,52555.7695134023
USA,2011,311839461,52956.6630340962
USA,2012,314339099,53738.1476714593
USA,2013,316726282,54462.6252412407
USA,2014,319257560,55394.4510435329
USA,2015,321815121,56313.534742083735
USA,2016,324353340,57232.618440634564
USA,2017,326608609,58151.7021391854
USA,2018,328529577,59526.665698712
USA,2019,330226227,59360.66610795755
USA,2020,331577720,59194.6665172031
USA,2021,332099760,62680.2503585805
VNM,2003,79563777,1418.74337471509
VNM,2004,80338971,1510.94449049599
VNM,2005,81088313,1609.96268313651
VNM,2006,82167897,1699.67620343393
VNM,2007,83633375,1788.9485028957
VNM,2008,85175788,1856.00519883979
VNM,2009,86460018,1927.13427057454
VNM,2010,87455152,2027.58184375924
VNM,2011,88468314,2132.90453762087
VNM,2012,89510356,2224.11404253256
VNM,2013,90573104,2320.08431444934
VNM,2014,91679578,2439.28655744423
VNM,2015,92823254,2582.23663834075
VNM,2016,94000117,2725.18671923727
VNM,2017,95176977,2868.13680013379
VNM,2018,96237319,3048.28327602145
VNM,2019,97173776,3175.72638704819
VNM,2020,98079191,3303.16949807493
VNM,2021,98935098,3358.21734764714
VUT,2003,200746,2518.521315183
VUT,2004,205711,2555.73432279339
VUT,2005,210760,2626.85057870874
VUT,2006,215923,2780.97475852227
VUT,2007,221276,2791.7418410919
VUT,2008,226896,2875.08524058992
VUT,2009,232731,2888.13715784739
VUT,2010,238248,2856.77377649901
VUT,2011,243474,2883.22689591881
VUT,2012,248883,2849.05448321427
VUT,2013,254482,2799.28262661802
VUT,2014,260240,2807.83422956759
VUT,2015,266101,2854.2101069286564
VUT,2016,272087,2900.5859842897235
VUT,2017,278507,2946.96186165079
VUT,2018,285259,2960.65376683153
VUT,2019,291985,2866.262377456025
VUT,2020,298858,2771.87098808052
VUT,2021,305868,2666.30269843855
WSM,2003,185430,3444.99857743289
WSM,2004,186249,3535.73813824914
WSM,2005,186978,3755.78242822467
WSM,2006,187709,3820.92239453139
WSM,2007,188753,3818.25503804332
WSM,2008,190107,3925.8743329936
WSM,2009,191513,3875.94291686166
WSM,2010,193023,4081.15535978003
WSM,2011,194713,4201.45663738908
WSM,2012,196498,4007.91092846814
WSM,2013,198268,3976.39289268132
WSM,2014,200037,3967.23730470679
WSM,2015,201782,4109.282590657744
WSM,2016,203499,4251.327876608697
WSM,2017,205415,4393.37316255965
WSM,2018,207582,4321.00518344962
WSM,2019,209780,4302.03455418848
WSM,2020,211944,4283.06392492734
WSM,2021,213779,4032.13733959294
ZAF,2003,48500348,5011.62223150169
ZAF,2004,48991421,5187.35683424034
ZAF,2005,49490033,5406.07581377638
ZAF,2006,49998277,5650.9883176549
ZAF,2007,50528584,5891.42069421698
ZAF,2008,51114599,6009.71963138635
ZAF,2009,51728516,5847.05811084505
ZAF,2010,52344051,5953.94506512821
ZAF,2011,52995205,6067.12482726885
ZAF,2012,53782567,6121.55783860713
ZAF,2013,54678791,6170.87670863373
ZAF,2014,55594838,6155.00589462516
ZAF,2015,56723537,6145.23461333334
ZAF,2016,57259551,6135.46333204152
ZAF,2017,57635162,6125.6920507497
ZAF,2018,58613001,6117.2701406047
ZAF,2019,59587885,5843.42748689871
ZAF,2020,60562381,5569.58483319272
ZAF,2021,61502603,5750.90937479584
