src,dst,n_events,sum_tt,mean_tt,prob,w_invtt
PAN,CRI,10783,364344.583333328,33.7887956351042,0.373657218102433,0.0295956094676861
NIC,SLV,8668,165161.083333333,19.0541166743578,0.253977555744382,0.0524820970234615
TZA,KEN,15011,80010.4166666635,5.33011902382676,0.464866371434765,0.187613071214693
KHM,THA,11026,750345.499999998,68.0523762017049,0.620553804592526,0.0146945640375001
HRV,MNE,888,55159.1666666668,62.1161786786788,0.0331108542451247,0.0160988654046622
CAN,RUS,25252,112510.416666662,4.45550517450745,0.223372166051889,0.22444144060736
BRN,PHL,2778,235975,84.944204463643,0.157242316182714,0.0117724335205
ALB,ITA,3239,315693.833333334,97.4664505505818,0.161820543565148,0.0102599406703647
FIN,EST,2688,283719.250000001,105.550316220238,0.158987401667948,0.00947415446784099
JAM,NIC,173,19376.8333333334,112.004816955684,0.0128290693362996,0.00892818744032822
RUS,GEO,1995,52376.8333333334,26.2540517961571,0.0162883736120183,0.0380893588450364
BRN,IDN,1312,157725.166666667,120.217352642277,0.0742627497594385,0.00831826668963205
EST,FIN,1309,95330.0000000001,72.8265851795265,0.0885416666666667,0.0137312493443827
SUR,TTO,1201,38856.5,32.3534554537885,0.0992561983471074,0.030908599590802
MLT,GRC,61,7479.25000000001,122.610655737705,0.0391779062299294,0.00815589798442356
MNE,BIH,3809,22503.8333333334,5.90806860943381,0.377315502724121,0.169260051991142
NIC,PAN,285,27769.1666666667,97.43567251462,0.00835066951859123,0.0102631815862917
NIC,USA,11,1069.66666666667,97.2424242424244,0.000322306542822819,0.0102835774384543
HTI,JAM,839,54827.6666666667,65.3488279698054,0.0282216018029533,0.0153024932667814
GTM,SLV,529,5563.25,10.5165406427221,0.0454506400893548,0.0950883027007594
DJI,OMN,258,35843.5833333334,138.92861757106,0.0150780199871428,0.00719794105407057
KWT,QAT,642,61976.1666666667,96.5360851505712,0.0607436843599205,0.010358820729474
CMR,NGA,963,8711.83333333334,9.0465559016961,0.43972602739726,0.110539304777027
MYS,SGP,177,12999.5,73.4435028248588,0.00120167827610086,0.0136159083041655
IRQ,OMN,938,132076.75,140.806769722815,0.0248167844008784,0.00710193126345097
SUR,CUB,136,20162.4166666667,148.25306372549,0.0112396694214876,0.00674522316686574
JPN,PHL,23,3386.08333333334,147.221014492754,0.00168362491764878,0.00679250855216203
NIC,COL,176,28109.1666666667,159.711174242424,0.00515690468516511,0.00626130265927484
TUN,ESP,7,926.416666666669,132.345238095238,0.000591316100692685,0.00755599532247907
GUY,HTI,9,940.833333333334,104.537037037037,0.0452261306532663,0.0095659875996457
GTM,COL,22,3368.91666666667,153.132575757576,0.00189019675229831,0.00653028916318301
SYR,ISR,19,3021.08333333334,159.004385964913,0.00533408197641774,0.00628913469230132
GNQ,STP,16,1486.41666666667,92.9010416666669,0.0012911555842479,0.010764141952122
IDN,BGD,5,805.500000000001,161.1,4.88405259147831e-05,0.00620732464307883
RUS,ROU,27,4068.16666666667,150.672839506173,0.000220444154147616,0.00663689622680158
BEN,STP,1,144.916666666667,144.916666666667,8.72219799389446e-05,0.0069005175388154
GTM,PAN,11,1652.33333333334,150.212121212121,0.000945098376149154,0.00665725237038531
HND,CUB,3,284.5,94.8333333333335,6.90448791714614e-05,0.0105448154657293
DMA,PAN,2,344.75,172.375,0.00139664804469274,0.00580130529369108
DMA,USA,6,1040.25,173.375,0.00418994413407821,0.00576784426820476
SLE,SEN,2,259.833333333334,129.916666666667,0.000194741966893866,0.00769724182168055
MDG,DJI,1,161.25,161.25,2.90056851142824e-05,0.0062015503875969
BIH,LBY,1,128.333333333333,128.333333333333,0.000100090081072966,0.00779220779220781
ITA,SYR,3,538.750000000001,179.583333333334,6.65276976981417e-05,0.00556844547563804
NIC,HND,10703,32861.4166666635,3.07029960447197,0.313604266166603,0.325701113514614
DJI,ERI,13188,26040.5833333334,1.97456652512385,0.770732277482321,0.506440267915145
URY,BRA,16256,42015.4166666665,2.58460978510498,0.297277033081579,0.386905600126939
PHL,IDN,78655,7331430.58333375,93.2099749962971,0.623227104892002,0.0107284654892325
LBN,SYR,2656,14313.0833333333,5.38896209839357,0.577642453240539,0.18556448936579
SAU,QAT,10860,316930.250000001,29.1832642725599,0.307222269371128,0.0342662147270574
POL,DEU,6033,41351,6.85413558760153,0.420858039762818,0.145897318081788
RUS,CAN,26236,168412.749999989,6.41914735477926,0.214206401045069,0.155783929660918
CHL,ARG,115753,523372.583333357,4.52146020693509,0.856332255701952,0.221167488871446
MOZ,TZA,7490,64392.0833333333,8.59707387627948,0.655694651142432,0.116318646831585
QAT,SAU,2752,25083.7500000001,9.11473473837211,0.136494395397282,0.109712463248119
MOZ,SOM,529,47104.5833333334,89.0445809703845,0.046310076162129,0.0112303296742178
GTM,HND,2015,4926.16666666667,2.44474772539289,0.173124838903686,0.409040159691443
LBR,SLE,5599,10085.7499999967,1.80134845508067,0.955297730762668,0.555139677267615
QAT,BHR,1038,28735.3333333334,27.6833654463713,0.0514829877988295,0.036122775676867
ITA,LBY,7210,1021886.41666666,141.731819232547,0.159888233467867,0.00705557866550239
DMA,HTI,256,28590.75,111.6826171875,0.17877094972067,0.0089539448947649
BRA,GRD,684,62360.3333333334,91.1700779727096,0.0327366708145879,0.0109685109658383
GBR,DNK,4424,612873.250000001,138.533736437613,0.149026477127265,0.00721845830275672
CUB,MEX,1431,133074.75,92.9942348008386,0.400167785234899,0.0107533547874409
MMR,IND,6221,577015.333333335,92.7528264480525,0.184528223533948,0.0107813426101906
MDG,KEN,955,92405.1666666668,96.7593368237348,0.0277004292841397,0.0103349199449526
TTO,CRI,824,98927.5833333335,120.057746763754,0.0428029712742195,0.00832932507027446
DEU,NOR,1274,152446.083333334,119.659406070121,0.0287318734354209,0.00835705301273181
BEL,DNK,156,17240.6666666667,110.517094017094,0.00873460246360582,0.00904837399945863
TUN,ITA,289,26998,93.4186851211074,0.0244129075857408,0.0107044966293799
DJI,SDN,89,13853.5,155.657303370787,0.00520133247618491,0.00642436929295845
GRD,CRI,43,6014.25000000001,139.866279069768,0.016238670694864,0.00714968616203183
ATG,CUB,90,12954.5833333333,143.939814814815,0.186335403726708,0.00694734810716927
DZA,MLT,92,11624.75,126.35597826087,0.0050174520069808,0.00791414869136969
SAU,DJI,333,34510.8333333334,103.636136136136,0.00942035135364508,0.0096491439886026
LBY,GRC,32,3024.66666666667,94.5208333333335,0.0087839692561076,0.0105796782014547
VNM,SGP,48,4872.91666666667,101.519097222222,0.000950551517911955,0.00985036340316374
CRI,BLZ,38,5232.58333333334,137.699561403509,0.00119734064341305,0.00726218725613542
MOZ,MDG,70,7078.33333333335,101.119047619048,0.00612798739385451,0.00988933364728042
TZA,DJI,3,364.750000000001,121.583333333334,9.29051438481311e-05,0.00822481151473611
GMB,SLE,5,834.083333333334,166.816666666667,0.000653082549634274,0.00599460485562993
BRB,CRI,6,1015.33333333334,169.222222222223,0.00518582541054451,0.00590938936309914
BEL,GBR,78,3215.75,41.2275641025641,0.00436730123180291,0.024255616885641
PLW,PNG,11,1613.5,146.681818181818,0.00509259259259259,0.00681747753331267
BRA,MEX,16,2613,163.3125,0.00076577007753422,0.00612323000382702
ESP,LBY,26,4315.08333333334,165.964743589744,0.000483946021405305,0.00602537610320387
PER,CRI,3,402.083333333333,134.027777777778,0.000303306035790112,0.00746113989637306
DMA,HND,2,347.166666666667,173.583333333334,0.00139664804469274,0.00576092174747959
HTI,GTM,11,1604.08333333334,145.825757575758,0.000370009082041105,0.00685749909086185
LVA,FIN,23,2345.5,101.978260869565,0.00171181899374814,0.00980601151140481
FRA,LBY,14,2270.41666666667,162.172619047619,0.000321853878339234,0.00616626904019085
TZA,LKA,1,161.916666666667,161.916666666667,3.09683812827104e-05,0.00617601646937724
BGR,UKR,2,262.833333333334,131.416666666667,0.00391389432485323,0.00760938490805325
GUY,PAN,1,172.916666666667,172.916666666667,0.0050251256281407,0.00578313253012047
TTO,CUB,3865,487289.250000002,126.07742561449,0.200768791231624,0.00793163403461083
VNM,KHM,5666,183920.416666666,32.4603629838804,0.112204685426857,0.0308068027611581
ROU,BGR,5306,119967.583333334,22.609797085061,0.58314100450599,0.0442286145354542
FRA,BEL,5386,23902.5833333334,4.43791001361555,0.123821784909651,0.225331292642706
RUS,UKR,6395,289605.833333334,45.2862913734689,0.0522126061397779,0.0220817375340621
PNG,VUT,1288,179245.916666667,139.16608436853,0.0148460642945238,0.00718565880859209
SGP,IDN,2514,70705,28.1245027844073,0.388802969378286,0.0355561841453928
SWE,DNK,4774,209290.666666667,43.8396871945259,0.106966010172302,0.0228103817338566
GRD,CUB,471,63658.0833333334,135.15516631281,0.177870090634441,0.00739890325528179
UKR,BGR,7224,752865.583333332,104.217273440384,0.229646819467845,0.00959533834448316
SLB,IDN,399,47616.6666666667,119.340016708438,0.00698003953606354,0.00837941897094854
GRC,ITA,1242,142372.333333334,114.631508319914,0.0239158900100131,0.00872360500752719
VUT,SLB,300,30660.5833333334,102.201944444445,0.166852057842047,0.00978454965251258
COL,BLZ,2410,314044.333333335,130.308852005533,0.0404348847354116,0.00767407574089854
DZA,FRA,154,22383.0833333334,145.344696969697,0.00839877835951134,0.00688019598134006
GRC,CYP,1275,175556.416666667,137.691307189543,0.0245513363629361,0.00726262260422455
FIN,RUS,3368,100214.666666667,29.7549485352336,0.199207428875614,0.0336078551376378
GBR,IRL,7021,62806.75,8.94555618857712,0.236508792023176,0.111787347697501
BRB,CUB,150,22350.5,149.003333333334,0.129645635263613,0.00671125925594505
TGO,GHA,1516,5559.5,3.66721635883905,0.164943966924165,0.27268639266121
MNE,HRV,1009,64531.6666666668,63.9560621076975,0.0999504705299653,0.0156357343939668
BRA,JAM,65,10314.25,158.680769230769,0.00311094093998277,0.00630196087936592
SAU,OMN,223,28383.9166666667,127.282137518685,0.00630852357916773,0.00785656196143942
JAM,USA,705,91863.5000000001,130.302836879433,0.0522803114571746,0.00767442999667985
ZAF,MOZ,98,1489,15.1938775510204,0.0123831185241344,0.0658159838817998
CHN,IDN,35,5078.58333333334,145.102380952381,0.000581105761248547,0.00689168567349818
IND,SOM,51,7609.00000000001,149.196078431373,0.00167493185326283,0.00670258903929557
CUB,JAM,135,6707.16666666667,49.6827160493828,0.037751677852349,0.0201277240762368
EST,SWE,312,40987.2500000001,131.369391025641,0.0211038961038961,0.0076121232822402
VUT,AUS,719,117689,163.684283727399,0.399888765294772,0.00610932202669747
TGO,NGA,285,18254,64.0491228070176,0.031008595365031,0.015613016325189
JAM,PAN,149,16114.6666666667,108.152125279642,0.0110493140526511,0.00924623531358595
SGP,PHL,11,1323.83333333334,120.348484848485,0.00170120630992886,0.00830920307188717
AGO,BRA,2,331.833333333334,165.916666666667,0.00088339222614841,0.00602712204922149
TZA,OMN,3,415.250000000001,138.416666666667,9.29051438481311e-05,0.00722456351595423
BRB,TTO,4,147.166666666667,36.7916666666667,0.00345721694036301,0.0271800679501699
LKA,THA,14,2177.58333333334,155.541666666667,0.00383561643835616,0.00642914545941601
SLB,WSM,24,3678.41666666667,153.267361111111,0.000419852002169235,0.00652454634013727
MUS,MOZ,17,2443.58333333334,143.740196078432,0.00967007963594994,0.00695699621457558
GTM,NIC,14,761.833333333334,54.4166666666667,0.00120285247873529,0.0183767228177641
DMA,NIC,6,830.833333333333,138.472222222222,0.00418994413407821,0.00722166499498496
MUS,ZAF,2,353.833333333334,176.916666666667,0.00113765642775882,0.00565237870937352
MYS,JPN,9,1456.5,161.833333333333,6.11022852254674e-05,0.00617919670442842
AGO,NGA,1,172.916666666667,172.916666666667,0.000441696113074205,0.00578313253012047
MEX,BLZ,10760,115305.666666668,10.7161400247832,0.527761428291152,0.0933171830236725
SAU,SDN,7891,769747.666666665,97.5475436150887,0.223231208803644,0.0102514113932575
ARG,CHL,30677,567659.833333337,18.5044115569755,0.977223496432212,0.054041167260087
IRQ,QAT,4483,430427.083333336,96.0131794185446,0.118607296875413,0.0104152368045303
ITA,TUN,1150,130781.916666667,113.723405797102,0.025502284117621,0.00879326461418276
IND,THA,5574,595735.500000001,106.877556512379,0.183060199021314,0.00935650133322588
IDN,PHL,17438,2073622.50000001,118.914009634133,0.170336218180397,0.00840943807274462
HTI,MEX,990,123715.083333333,124.964730639731,0.0333008173836994,0.00800225787612801
SAU,ERI,1955,185721.5,94.9982097186702,0.0553056663554839,0.0105265141623345
ESP,TUN,2989,386539.916666669,129.320815211331,0.0556351791530945,0.00773270720854828
BGR,ROU,490,7116.33333333334,14.5231292517007,0.958904109589041,0.0688556841069839
GHA,BEN,1285,16101,12.5299610894942,0.0846341302772838,0.0798087075336935
MNE,GRC,230,31387.6666666667,136.468115942029,0.0227835562159485,0.00732771895542834
SYR,LBN,1682,24579.5000000001,14.6132580261594,0.472206625491297,0.0684310095811549
HRV,ALB,188,23009.0833333334,122.388741134752,0.00700995562847235,0.00817068621450223
CUB,GTM,21,2220.25,105.726190476191,0.00587248322147651,0.00945839432496339
DEU,SWE,935,58217.4166666667,62.2646167557933,0.0210865790126519,0.0160604859084266
MMR,LKA,412,41006.6666666667,99.5307443365697,0.0122208050307003,0.0100471468053975
JAM,HTI,142,6115.66666666667,43.0680751173709,0.0105302187615869,0.0232190548863574
POL,SWE,75,6405.25000000001,85.4033333333334,0.00523194977328218,0.0117091448421217
LKA,SOM,176,21052.8333333334,119.618371212121,0.0482191780821918,0.0083599198841011
FRA,TUN,449,63563.5000000001,141.566815144766,0.010322313669594,0.00706380233939288
GNQ,GAB,1348,5539.50000000001,4.10942136498517,0.108779857972886,0.243343262027259
CYP,GRC,517,62262.7500000001,120.43085106383,0.0603126458236118,0.00830352016253698
PAN,CUB,149,20739.75,139.192953020134,0.00516321297387206,0.00718427174869513
SUR,CRI,14,2117.5,151.25,0.00115702479338843,0.00661157024793388
MYS,VNM,2372,304474.833333335,128.362071388421,0.0161038467283121,0.00779046325120464
JAM,HND,185,19828.75,107.182432432433,0.0137189469781238,0.00932988715879719
NGA,TGO,22,386.916666666667,17.5871212121212,0.00167465935906219,0.0568597889295714
VNM,JPN,417,61180.1666666667,146.715027977618,0.00825791631186011,0.00681593435781203
SLV,CRI,52,4256.91666666667,81.8637820512821,0.00646283867760378,0.0122154141299454
KWT,OMN,177,26145.9166666667,147.717043314501,0.0167470905478286,0.00676969953880624
BRA,ATG,45,5269.41666666667,117.098148148148,0.00215372834306499,0.00853984470134264
MAR,TUN,55,7851.25000000001,142.75,0.00169821224565412,0.00700525394045533
PLW,MYS,4,556.666666666668,139.166666666667,0.00185185185185185,0.00718562874251496
SEN,SLE,46,7595.16666666668,165.11231884058,0.00337466069987528,0.00605648328981149
LVA,SWE,36,4027.83333333334,111.884259259259,0.0026793688597797,0.00893780775437579
HND,CRI,16,628.333333333334,39.2708333333334,0.000368239355581128,0.0254641909814323
IND,ARE,16,2227.25,139.203125,0.000525468816709908,0.00718374677292625
COL,DOM,5,393.916666666667,78.7833333333334,8.38898023556257e-05,0.0126930399830759
DOM,BLZ,27,4173.08333333334,154.558641975309,0.000972237225883116,0.00647003614433771
NGA,GHA,48,2823,58.8125,0.00365380223795387,0.0170031880977683
BGR,GEO,9,1213.08333333334,134.787037037037,0.0176125244618395,0.00741911108057978
SDN,SOM,9,1028.08333333334,114.231481481482,0.00137846530862307,0.00875415417038176
TZA,SDN,2,338.833333333334,169.416666666667,6.19367625654207e-05,0.00590260698475159
ISR,CYP,40,4786.00000000001,119.65,0.0045876820736323,0.00835770998746342
PLW,CHN,1,167.916666666667,167.916666666667,0.000462962962962963,0.00595533498759304
DMA,BRB,3,72.4166666666667,24.1388888888889,0.00209497206703911,0.0414269275028769
MMR,MYS,1,180,180,2.96621481327678e-05,0.00555555555555556
TZA,ERI,1,86.9166666666667,86.9166666666667,3.09683812827104e-05,0.0115052732502397
MYS,KHM,2,279.833333333334,139.916666666667,1.35782856056594e-05,0.00714711137581892
GHA,TGO,10013,23661.7500000002,2.36310296614403,0.659487584798788,0.423172419622384
CHL,PER,19214,93455.5833333278,4.86393168175954,0.142143771315277,0.205594992986877
MYS,IDN,72107,5275202.91666674,73.1579862796502,0.489544720083642,0.0136690476440596
MYS,PHL,37714,2774694.58333329,73.572004649024,0.25604573166592,0.0135921265808987
ESP,MAR,15474,241283.916666661,15.5928600663475,0.288022335970219,0.0641319165146745
CHN,JPN,9156,1240764.5,135.51381607689,0.15201726714262,0.00737932137806972
CAN,USA,87796,1313568.16666667,14.9615946816105,0.776618988226344,0.0668377951201362
GRC,LBY,35703,3304432.24999992,92.5533498585531,0.687495186012478,0.0108045792132675
MNE,ALB,3040,31818.2500000001,10.4665296052632,0.301139177810797,0.0955426524086018
JPN,RUS,13530,137409.249999997,10.1558943089429,0.990410658077739,0.0984649868913502
ECU,CRI,24,3176.41666666667,132.350694444445,0.00183360073344029,0.00755568381562031
GAB,NGA,652,72609.5833333334,111.364391615542,0.0279384668123581,0.00897953093886825
NGA,BEN,2447,7552.58333333334,3.08646642146847,0.18626779325569,0.323995101014002
AUS,IDN,5391,614395.083333334,113.966811970568,0.9359375,0.00877448427932026
CUB,USA,1791,180024,100.515912897823,0.500838926174497,0.00994867351019863
GHA,NGA,1873,169199.25,90.3359583555794,0.123361654481986,0.0110697890209324
HRV,GRC,183,24246.5,132.494535519126,0.00682352063835341,0.00754748107974346
DJI,SOM,3275,93040.8333333335,28.4094147582698,0.191397346736018,0.0351995987424875
COL,CUB,1470,174067.333333334,118.413151927438,0.0246636018925539,0.00844500787051752
PRT,DZA,1275,128643.666666667,100.896993464052,0.0647109577221743,0.00991109809784649
GHA,LBR,4,233.333333333333,58.3333333333334,0.000263452545610222,0.0171428571428571
LBY,LBN,80,11278.75,140.984375,0.021959923140269,0.00709298459492407
SDN,DJI,27,2952.08333333334,109.336419753087,0.0041353959258692,0.00914608327452363
ISR,SYR,67,5698.91666666668,85.0584577114429,0.0076843674733341,0.0117566204103119
IDN,VNM,367,54799.7500000001,149.318119891008,0.00358489460214508,0.00669711084448377
HTI,NIC,74,9120.08333333335,123.24436936937,0.00248915200645834,0.00811396094699426
TTO,BLZ,177,27251.0833333334,153.960922787194,0.0091943275673991,0.00649515462688027
ARE,IND,67,8985.91666666668,134.11815920398,0.00402813683640955,0.00745611187877325
RUS,KOR,62,4010.75,64.6895161290323,0.00050620509470934,0.0154584554011095
PRT,FRA,21,2258.16666666667,107.531746031746,0.00106582753895346,0.00929957930474573
LBY,MLT,45,5183.33333333334,115.185185185185,0.0123524567664013,0.00868167202572346
GRD,BLZ,11,1836.16666666667,166.924242424243,0.00415407854984894,0.00599074158119269
CUB,PAN,11,1596.91666666667,145.174242424243,0.00307606263982103,0.00688827427855763
SOM,MOZ,14,2049.16666666667,146.369047619048,0.000591590957109656,0.0068320455469703
BGD,IDN,5,790.166666666668,158.033333333334,0.000358551452133381,0.00632777894958868
WSM,SLB,3,458.666666666667,152.888888888889,0.0027906976744186,0.0065406976744186
SLE,CMR,3,505.750000000001,168.583333333334,0.000292112950340798,0.00593178447849727
DZA,GRC,5,702.583333333335,140.516666666667,0.000272687609075044,0.00711659352389988
MMR,SOM,3,504.500000000001,168.166666666667,8.89864443983033e-05,0.00594648166501486
BRA,PAN,4,649.250000000001,162.3125,0.000191442519383555,0.00616095494801693
GUY,MEX,2,343,171.5,0.0100502512562814,0.00583090379008746
GUY,GRD,4,127.583333333333,31.8958333333333,0.0201005025125628,0.0313520574787721
GAB,LBR,1,179.833333333333,179.833333333333,4.28504092214081e-05,0.00556070435588509
BRB,BLZ,3,439.750000000001,146.583333333334,0.00259291270527226,0.00682205798749288
GAB,BRA,1,174.916666666667,174.916666666667,4.28504092214081e-05,0.0057170080990948
LKA,MYS,4,657.666666666668,164.416666666667,0.0010958904109589,0.0060821084642676
GAB,GHA,1,144.166666666667,144.166666666667,4.28504092214081e-05,0.00693641618497108
MLT,MNE,1,126.916666666667,126.916666666667,0.000642260757867694,0.00787918581746551
COL,PAN,25645,702457.749999994,27.3916065509844,0.430270796282004,0.0365075337271177
JAM,BLZ,292,35964.8333333334,123.167237442923,0.0216536892843901,0.00811904221253167
DOM,HTI,20639,141670.833333331,6.86422953308451,0.743185337222282,0.14568277403606
GIN,SLE,4996,75945.9166666635,15.2013444088598,0.946212121212121,0.0657836552546741
MYS,THA,18203,1059891.41666665,58.2261944001894,0.123582766439909,0.0171744008053658
GAB,GNQ,19625,503141.250000001,25.637770700637,0.840939280970133,0.0390049513928742
MDG,MOZ,15215,1625902.16666668,106.861792091139,0.441321499013807,0.00935788161915844
THA,KHM,5752,113773.416666667,19.7798012285583,0.138435619735259,0.0505566253393988
ISR,LBN,3875,22603.4999999934,5.83316129032087,0.444431700883129,0.171433627535609
IRQ,KWT,23895,158378.166666666,6.62808816349304,0.632193031192952,0.150873068573215
OMN,ARE,10445,163396.166666656,15.6434817296942,0.605226561594623,0.0639243882710468
ITA,SVN,6180,53316.9999999999,8.62734627831713,0.137047057258172,0.115910497589887
ITA,HRV,8770,264689.083333333,30.1811953629799,0.194482636270901,0.0331332138430341
SWE,EST,5425,597390.583333335,110.118079877112,0.121552284286707,0.00908116088762138
PAN,ECU,1159,131200.583333334,113.201538682773,0.0401621734007901,0.00883380218710917
THA,VNM,1636,169691,103.723105134475,0.0393742478941035,0.0096410534442015
TTO,JAM,1602,170860.416666667,106.654442363712,0.083216456287985,0.00937607452477045
MLT,LBY,1231,160012.666666667,129.985919306797,0.790622992935132,0.00769314095967401
MDG,ZAF,2198,289315.750000001,131.626819836215,0.0637544958811927,0.00759723589192775
AGO,GAB,1296,81934.1666666668,63.2208076131688,0.57243816254417,0.0158175771198421
GHA,GNQ,1693,230481.333333334,136.137822405986,0.111506289929526,0.00734549724923491
SYR,CYP,1757,114293.166666667,65.0501802314553,0.493262212240314,0.0153727475687523
IRQ,SAU,3889,160496.416666667,41.2693280191995,0.102891763896606,0.0242310705794574
SVN,HRV,2799,19135.3333333334,6.83648922234133,0.299710889816897,0.146273908650663
SWE,POL,2557,245372.583333334,95.9611198018512,0.0572920167596514,0.0104208871474706
COL,USA,1258,164793.083333334,130.996091679915,0.0211066742726754,0.00763381553736326
SGP,MYS,3519,61485.0833333334,17.4723169461021,0.54423136405815,0.0572333940074896
GRD,JAM,202,24980.0833333334,123.663778877888,0.0762839879154079,0.00808644219895182
BRA,TTO,379,32511.4166666667,85.7821020228672,0.0181391787115918,0.0116574434109044
BRA,CUB,49,8138.75000000001,166.09693877551,0.00234517086244855,0.00602058055598218
ISL,NOR,65,10453.8333333333,160.828205128205,0.878378378378378,0.00621781483666278
LBY,SYR,15,2057.75,137.183333333334,0.00411748558880044,0.00728951524723604
NLD,SWE,96,12056.1666666667,125.585069444445,0.00445744532664717,0.00796272999986175
BGD,THA,81,13516,166.864197530865,0.00580853352456077,0.00599289730689552
PAN,GTM,269,34204.5833333334,127.15458488228,0.00932150530182272,0.00786444311800318
DOM,HND,29,4123.58333333334,142.192528735632,0.00104425479817075,0.00703271830729744
GRC,MNE,454,43954.5833333334,96.816262848752,0.00874220134021413,0.0103288432188528
DJI,SAU,301,43658.3333333334,145.044296788483,0.0175910233183332,0.00689444550486733
BIH,GRC,43,5568.25000000001,129.494186046512,0.00430387348613752,0.00772235442014994
SGP,LKA,19,2405.41666666667,126.600877192983,0.00293844726260439,0.00789883942490905
BRB,JAM,51,7144.41666666668,140.08660130719,0.0440795159896284,0.00713844144028552
GEO,BGR,45,7045.50000000001,156.566666666667,0.00692520775623269,0.00638705556738343
IRQ,BHR,23,2623.41666666667,114.061594202899,0.000608513903219832,0.0087671929100092
NLD,FRA,126,8365.00000000001,66.388888888889,0.00585039699122441,0.0150627615062761
COL,SLV,17,1686.41666666667,99.200980392157,0.000285225328009127,0.0100805455354054
BLZ,USA,3,300.583333333334,100.194444444445,0.000852030673104232,0.00998059329082339
PRT,TUN,54,8027.91666666668,148.66512345679,0.00274069938588032,0.0067265272227124
CHN,MYS,14,1996,142.571428571429,0.000232442304499419,0.00701402805611222
BGR,RUS,10,1472.83333333334,147.283333333334,0.0195694716242661,0.0067896344913432
LBR,CMR,9,1526.25,169.583333333334,0.00153557413410681,0.00589680589680589
USA,PRT,3,518,172.666666666667,3.20913962966529e-05,0.00579150579150579
LBN,GRC,7,661.416666666668,94.4880952380954,0.00152240104393214,0.0105833438326824
ATG,MEX,4,645.166666666666,161.291666666667,0.0082815734989648,0.00619994833376389
BRN,PNG,3,469.500000000001,156.5,0.000169808116827984,0.00638977635782746
NIC,MEX,3151,333886.250000001,105.961996191686,0.0923261742213367,0.00943734580264982
GTM,MEX,7317,139111.416666664,19.012083731948,0.628662256207578,0.0525981272804724
GRD,DOM,1038,87769.5000000001,84.556358381503,0.391993957703928,0.0118264317331191
TGO,BEN,7206,14819.5833333333,2.05656166157831,0.784027853334784,0.486248488767679
KEN,TZA,2077,12835.75,6.17994703899856,0.131488984553051,0.161813684436048
MMR,THA,23907,900915.666666645,37.6841789712906,0.709132975410079,0.0265363350694689
IRQ,ARE,4569,558057.666666668,122.140001459109,0.120882609730931,0.00818732592151466
ARE,OMN,15263,220912.916666658,14.4737546135529,0.917633619912223,0.0690905730199144
CHN,VNM,44260,2704957.49999997,61.1151717126066,0.734849742653163,0.0163625491343212
USA,CAN,70613,1290135.91666668,18.2705155802286,0.755356588898516,0.0547329929256156
NLD,BEL,6323,14943.6666666666,2.36338236069376,0.293587779170729,0.423122392986997
DEU,DNK,27480,716199.166666658,26.0625606501695,0.619742450553664,0.038369215267169
DNK,SWE,18413,416688.000000003,22.6300983001142,0.364686076450782,0.0441889375263983
KEN,SOM,13717,66923,4.87883648027995,0.868384401114206,0.204966902260807
VNM,IDN,5452,669287.5,122.759996331621,0.1079668099095,0.00814597613133369
DOM,CUB,5876,498241.333333336,84.7926026775588,0.211587627381081,0.0117934816059687
GBR,DEU,503,58436.0833333334,116.175115970842,0.0169440140133396,0.00860769530241731
GRC,SYR,678,101356.916666667,149.493977384464,0.0130555341600555,0.00668923268680067
HRV,SVN,1178,6478.41666666667,5.49950481041314,0.0439240836720236,0.181834553195868
BRA,HTI,255,38337.4166666667,150.342810457517,0.0122044606107016,0.00665146538738264
TTO,DOM,4300,296716.583333334,69.0038565891473,0.223365019998961,0.0144919436308329
IND,LKA,9062,636189.083333333,70.204048039432,0.297612401064074,0.0142441928624732
THA,MYS,7106,222915.833333333,31.3700863120367,0.171022864019254,0.0318775023458032
GBR,NOR,9676,1373028.75,141.900449565937,0.325944889847066,0.00704719402270344
BRB,DOM,451,48091.1666666667,106.632298595713,0.389801210025929,0.00937802160479921
VNM,PHL,2144,236883.666666667,110.486784825871,0.0424579678000673,0.00905085618679208
PAN,BLZ,752,104840.083333334,139.415004432624,0.0260586319218241,0.00717282909447006
BRA,DMA,198,23515.5833333334,118.765572390573,0.00947640470948598,0.00841994847388433
CUB,HTI,29,1453.75,50.1293103448276,0.00810961968680089,0.0199484092863284
POL,DNK,204,16541.5,81.0857843137256,0.0142309033833275,0.0123326179608862
OMN,SAU,29,3755.25,129.491379310345,0.00168038011357052,0.00772252180280939
GEO,UKR,370,42121.1666666667,113.840990990991,0.0569405971068021,0.00878418214120374
IDN,JPN,57,9127.91666666667,160.138888888889,0.000556781995428527,0.00624457935819601
FRA,NLD,461,33437.5,72.5325379609545,0.0105981884224562,0.0137869158878505
SEN,GIN,238,34795.8333333334,146.200980392157,0.0174602010123982,0.00683989941324391
ARE,PAK,213,23026.5,108.105633802817,0.0128058678530632,0.009250211712592
THA,LKA,292,35339.6666666667,121.026255707763,0.00702767749699158,0.00826266989879171
JOR,ISR,1468,10241.9166666667,6.97678247048138,1,0.143332546805204
BEL,DEU,40,2940.08333333334,73.5020833333335,0.00223964165733483,0.0136050565460162
KOR,CHN,181,22420.8333333334,123.872007366483,0.00403423527838452,0.00807284891284147
IND,MYS,54,7839.33333333335,145.172839506173,0.00177345725639594,0.00688834084530996
MLT,LBN,6,851.500000000002,141.916666666667,0.00385356454720617,0.00704638872577802
SEN,GHA,27,4419.25,163.675925925926,0.00198077910644854,0.00610963398766759
BEN,GNQ,188,25856.0833333334,137.532358156029,0.0163977322285216,0.00727101616963125
BEL,NOR,98,14321.5,146.137755102041,0.00548712206047033,0.00684285863910903
CYP,ISR,308,34997.9166666667,113.6295995671,0.0359309379374708,0.00880052384070479
MEX,CUB,13,1314.08333333334,101.083333333333,0.000637629978418678,0.00989282769991754
DMA,MEX,46,7329.08333333334,159.327898550725,0.032122905027933,0.00627636471136681
SEN,LBR,82,13477,164.353658536586,0.00601569950847333,0.00608444015730503
THA,CHN,25,4003.75000000001,160.15,0.000601684717208183,0.00624414611301903
PHL,SGP,19,2814.08333333334,148.109649122807,0.000150547517550671,0.00675175456779886
JAM,GTM,65,8297.08333333335,127.647435897436,0.00482017055988135,0.00783407824034549
CUB,HND,31,3413.41666666667,110.110215053764,0.00866890380313199,0.00908180952613461
MRT,GMB,11,1569.33333333334,142.666666666667,0.00176706827309237,0.00700934579439251
FIN,LVA,2,322.666666666667,161.333333333333,0.000118294197669604,0.00619834710743801
LVA,DNK,2,346.833333333334,173.416666666667,0.000148853825543316,0.00576645843344545
GIN,SEN,7,1062.16666666667,151.738095238096,0.00132575757575758,0.00659030284010669
RUS,SWE,2,276.833333333334,138.416666666667,1.63291966035271e-05,0.00722456351595423
BRA,HND,2,343.833333333334,171.916666666667,9.57212596917775e-05,0.00581677169171109
SGP,VNM,2,281.833333333334,140.916666666667,0.000309310238168883,0.00709639266706089
SLB,PNG,41219,2639533.49999998,64.0368155462281,0.721078319892238,0.015616016996943
GTM,BLZ,1716,15945.0833333334,9.29200660450661,0.147435346679268,0.107619381104938
STP,GNQ,5037,497422.500000002,98.753722453842,0.816104990278678,0.0101262005639069
BRN,MYS,13377,75976.5833333298,5.67964291943857,0.757174392935982,0.176067406733881
HTI,CUB,25317,1517125.91666668,59.9251853168497,0.851592720912241,0.0166874744685824
ISR,JOR,4731,39298.25,8.3065419573029,0.54260809725886,0.120387040135375
GRC,ISR,2191,301543.833333335,137.628404077287,0.042189786644073,0.00726594198853342
NLD,DEU,11603,118580.666666668,10.2198282053493,0.538747272136324,0.0978490029290883
HRV,ITA,18085,1660398.58333336,91.8108146714601,0.674335359260226,0.0108919630391958
PAN,MEX,3534,409061.750000001,115.750353706848,0.122461709058147,0.00863928245552168
SAU,BHR,12922,204717.749999998,15.8425746788421,0.365554895470876,0.063121053255031
ALB,MNE,4907,80973.0000000001,16.5015284287752,0.245153876898481,0.060600447062601
CHL,NZL,206,26708.5,129.652912621359,0.00152397298277023,0.00771290038751707
NAM,AGO,4217,8643.74999999001,2.04973915105288,0.935655646771689,0.48786695589355
COL,NIC,3848,348596.750000001,90.5916709979213,0.0645615918928895,0.0110385423845747
PHL,KOR,563,82122.5833333334,145.86604499704,0.00446096065163304,0.00685560508629883
POL,LVA,696,70414.7500000001,101.170617816092,0.0485524938960586,0.00988429270855892
CYP,SYR,5082,300998.833333334,59.2284205693297,0.592860475968269,0.016883786371265
SWE,LTU,762,100472.083333333,131.853127734033,0.0170733346776904,0.00758419627342586
ARG,URY,685,30643.5,44.7350364963504,0.0218208460754332,0.0223538433925628
SAU,KWT,192,723.750000000001,3.76953125,0.0054315539336332,0.265284974093264
BHR,ARE,281,34861.0833333334,124.060794780546,0.0211008485394608,0.00806056419168461
DZA,ITA,1371,189756.583333334,138.407427668369,0.074770942408377,0.00722504577135881
MMR,BGD,2864,12615.3333333333,4.40479515828678,0.0849523922522469,0.227025313111029
GBR,BEL,412,33217.5,80.6250000000001,0.0138785959711649,0.0124031007751938
ITA,BIH,168,18580.25,110.596726190476,0.00372555107109593,0.00904185896314634
NLD,NOR,894,119359.25,133.511465324385,0.0415099596044017,0.00748999344416121
SWE,RUS,448,53169.5833333334,118.682105654762,0.0100378660572248,0.00842587005415063
MLT,TUN,209,28700.0000000001,137.32057416268,0.134232498394348,0.00728222996515678
SUR,JAM,95,13196.0833333334,138.906140350877,0.00785123966942149,0.00719910579528015
CRI,HND,51,5981.50000000001,117.28431372549,0.00160695717931752,0.00852628939229289
TUN,MLT,83,7287.33333333334,87.7991967871487,0.00701131947964183,0.0113896258347818
DEU,LVA,35,4446.50000000001,127.042857142857,0.000789337182291784,0.00787135949623298
GUY,DOM,26,2295.08333333333,88.2724358974359,0.130653266331658,0.0113285646853782
BRN,CHN,24,3730.66666666667,155.444444444445,0.00135846493462388,0.00643316654753394
FJI,NZL,2,300.416666666667,150.208333333334,0.0015552099533437,0.00665742024965325
TZA,SAU,5,820.000000000001,164,0.000154841906413552,0.00609756097560975
NIC,BLZ,51,5262.41666666668,103.184640522876,0.0014943303349058,0.00969136486721878
VUT,FJI,1,109.916666666667,109.916666666667,0.000556173526140156,0.00909780136467018
PAK,ARE,39,4779.58333333334,122.553418803419,0.00329809725158562,0.00815970708743788
JPN,CHN,3,477.750000000001,159.25,0.000219603250128102,0.00627943485086341
SGP,MMR,1,167.916666666667,167.916666666667,0.000154655119084442,0.00595533498759304
SGP,IND,7,862.500000000001,123.214285714286,0.00108258583359109,0.0081159420289855
KEN,MOZ,2,316.833333333334,158.416666666667,0.000126614332742466,0.00631246712256706
CRI,HTI,1,110.916666666667,110.916666666667,3.15089643003435e-05,0.00901577761081891
GUY,SUR,18,45.3333333333334,2.51851851851852,0.0904522613065327,0.397058823529411
NGA,STP,5,612.583333333335,122.516666666667,0.000380604399786862,0.00816215480886952
PNG,AUS,21001,2478561.33333333,118.021110105868,0.2420669225538,0.00847306044743161
CRI,PAN,21234,161346.333333329,7.59848984333283,0.669061347953493,0.131605097936327
TTO,MEX,3716,511991.333333334,137.780229637603,0.193028933561893,0.00725793535567659
SLE,LBR,5471,84147.916666667,15.380719551575,0.532716650438169,0.0650164640637763
AGO,NAM,745,5610.00000000001,7.53020134228189,0.329063604240283,0.132798573975044
PNG,SLB,21776,1222960.41666667,56.1609302289983,0.250999919314868,0.0178059728697951
KHM,VNM,6585,177089.083333333,26.8927992913186,0.370610085547051,0.0371846749446724
NOR,FIN,5010,30995.0000000001,6.186626746507,0.212090424180848,0.161638974028069
EST,LVA,4649,93491.5833333335,20.1100415860042,0.31446158008658,0.049726401396204
IDN,PNG,15518,937646.499999989,60.4231537569267,0.151581456229121,0.0165499471282623
ECU,PAN,570,56134.8333333334,98.4821637426901,0.043548017419207,0.0101541229598971
SLV,GTM,6369,32739.7499999968,5.14048516250538,0.791573452647278,0.194534167182114
IDN,MMR,246,34963.3333333334,142.127371273713,0.00240295387500733,0.00703594241586423
RUS,LTU,6348,44880.7499999999,7.07006143667296,0.051828870019595,0.141441486606173
ECU,COL,10188,144561.083333327,14.1893485800282,0.778363511345405,0.0704753988077736
SLE,GHA,262,34921.4166666667,133.287849872774,0.0255111976630964,0.00750255931770617
GAB,CMR,2658,221505.5,83.3354025583146,0.113896387710503,0.0119997020390013
IDN,IND,1625,198357.666666667,122.066256410257,0.0158731709223045,0.00819227220861976
PHL,MYS,14376,737811.666666663,51.3224587275085,0.113909005910971,0.0194846471660565
GRC,ALB,7793,119123.583333334,15.2859724539117,0.150061619040283,0.0654194558452248
CRI,SLV,437,19521.9166666667,44.6725781845919,0.0137694173992501,0.0223850970917302
HND,GTM,8339,116859.416666664,14.0136007514887,0.191921749136939,0.0713592471866141
SLE,GIN,4521,52541,11.6215439062154,0.440214216163583,0.0860470870367903
DZA,ESP,7022,495387.750000003,70.547956422672,0.382962478184991,0.0141747550277534
KWT,SAU,6880,138472.25,20.1267805232559,0.650960355757404,0.0496850451985866
PHL,CHN,7606,955109.916666664,125.573220702954,0.0602665483416002,0.00796348134102194
LBY,TUN,3370,104733.25,31.0781157270031,0.925061762283832,0.0321769829543148
DNK,RUS,507,47268.9166666667,93.2325772518081,0.0100415923945336,0.0107258646009446
GRD,MEX,303,43867.6666666667,144.777777777778,0.114425981873112,0.0069071373752878
JPN,KOR,103,6711.91666666668,65.1642394822007,0.0075397115877315,0.0153458401102516
DMA,DOM,727,66311.3333333334,91.2122879413114,0.50768156424581,0.0109634351091317
ERI,SOM,318,25894.3333333334,81.4287211740043,0.0253770648790998,0.0122806791704749
DNK,LTU,528,60336.0833333334,114.27288510101,0.0104575163398693,0.00875098234472738
IDN,PLW,827,84825.5000000001,102.570133010883,0.00807822298630512,0.0097494267643574
SOM,TZA,123,11357.1666666667,92.3346883468836,0.00519754912317769,0.0108301659744948
GHA,CMR,305,43858.3333333334,143.797814207651,0.0200882566027794,0.00695420862625878
LTU,EST,74,7148.58333333334,96.6024774774776,0.00890064950685591,0.0103517013860555
CRI,COL,740,99387.0833333335,134.30686936937,0.0233166335822542,0.00744563554117108
CYP,LBY,3,499.833333333334,166.611111111111,0.000349976668222119,0.00600200066688896
TTO,GRD,384,3487.5,9.08203125000001,0.0199470157394421,0.11010752688172
KOR,RUS,106,12670.5,119.533018867925,0.00236259082601525,0.00836588927035238
BRB,MEX,57,8877.66666666667,155.748538011696,0.0492653414001729,0.00642060601509405
THA,SGP,59,6845.83333333334,116.031073446328,0.00141997593261131,0.00861838101034692
AGO,STP,61,7454.50000000001,122.204918032787,0.0269434628975265,0.00818297672546783
BRA,CRI,7,1163.25,166.178571428572,0.000335024408921221,0.00601762303889963
ECU,SLV,1,175.916666666667,175.916666666667,7.64000305600122e-05,0.00568450971103741
DOM,NIC,58,7763.50000000001,133.853448275862,0.00208850959634151,0.00747085721646164
ATG,JAM,12,1771.83333333334,147.652777777778,0.0248447204968944,0.00677264603518013
BRB,GRD,26,861.750000000001,33.1442307692308,0.0224719101123596,0.0301711633304322
ALB,MLT,2,333.833333333334,166.916666666667,9.99200639488409e-05,0.00599101347978032
IRL,FRA,190,28776.5,151.455263157895,0.00633734698642474,0.00660260976838739
LBR,GNQ,94,13918,148.063829787234,0.0160382187340044,0.00675384394309526
KWT,BHR,4,383.250000000001,95.8125000000002,0.00037846532311477,0.0104370515329419
CUB,CRI,12,1590.75,132.5625,0.00335570469798658,0.00754361150400754
CRI,USA,4,604.166666666667,151.041666666667,0.000126035857201374,0.00662068965517241
SLE,NGA,4,634.750000000001,158.6875,0.000389483933787731,0.00630169358014966
MNE,LBY,7,1115.75,159.392857142857,0.000693412580485389,0.00627380685637463
MUS,KEN,4,507.5,126.875,0.00227531285551763,0.00788177339901478
LTU,POL,2,243.833333333334,121.916666666667,0.000240558094779889,0.00820232399179766
PER,MEX,1,164.916666666667,164.916666666667,0.000101102011930037,0.00606366851945426
NOR,DEU,1,125.916666666667,125.916666666667,4.23334180001693e-05,0.00794176042356054
SLV,ECU,1,176.916666666667,176.916666666667,0.000124285359184688,0.00565237870937352
MEX,NIC,1,110.916666666667,110.916666666667,4.90484598783598e-05,0.00901577761081891
HND,SLV,11816,139027.333333327,11.7660234709993,0.271944764096663,0.0849904814880563
GMB,SEN,7592,21395.4999999934,2.81816385669039,0.991640543364681,0.354840971232378
MRT,SEN,6210,29408.6666666667,4.73569511540527,0.997590361445783,0.211162242422868
NGA,CMR,8418,146486.25,17.4015502494655,0.64078556748116,0.0574661444333512
SOM,DJI,13052,607811.249999997,46.568437787312,0.551531798013945,0.0214737716684251
QAT,ARE,16004,689610.083333328,43.0898577438971,0.793770459279833,0.0232073172750642
IND,BGD,7215,98581.9166666674,13.6634673134674,0.236953594535124,0.0731878649143727
BGD,MMR,9174,461893.750000001,50.3481305864401,0.657870204374328,0.0198617106206784
BIH,MNE,2890,18099.58333333,6.26283160322838,0.289260334300871,0.159672183982165
ITA,MLT,1340,93303.8333333335,69.6297263681593,0.0297157049718366,0.0143616821745444
GEO,RUS,6082,197684.166666667,32.503151375644,0.935980301631271,0.0307662475075984
ECU,PER,2292,24586.0000000001,10.7268760907505,0.175108870043548,0.0932237858944112
KWT,IRQ,2534,11325.3333333333,4.46935017100763,0.239757782193207,0.22374617376972
DMA,CUB,235,33048.5833333334,140.632269503546,0.164106145251397,0.00711074352657577
EST,RUS,8511,155209.666666664,18.2363607879995,0.575689935064935,0.0548355020842784
OMN,IND,3917,509489.666666669,130.071398178879,0.226967203615714,0.00768808526702207
BHR,QAT,8072,257931.249999999,31.95382185332,0.606142524592626,0.031295161016744
BGD,IND,4176,205712,49.2605363984675,0.2994621728218,0.0203002255580617
ERI,DJI,3838,53959.0000000001,14.0591453882231,0.306280424547123,0.0711280787264404
WSM,FJI,750,97389.8333333335,129.853111111111,0.697674418604651,0.00770100917446892
RUS,LVA,471,43648.25,92.6714437367305,0.00384552580013063,0.0107908106281466
OMN,SDN,24,3720.91666666667,155.038194444445,0.00139065940433422,0.00645002351571073
FIN,SWE,3973,137432.916666667,34.5917232989345,0.234991423670669,0.0289086493713599
TTO,NIC,567,71511.5000000001,126.122574955908,0.02945301542777,0.00792879466938883
MYS,IND,509,62558.0000000001,122.90373280943,0.00345567368664032,0.00813644937498001
MYS,MMR,213,32088.7500000001,150.651408450704,0.00144608741700273,0.00663784036461376
ATG,HTI,78,9276.50000000001,118.929487179487,0.161490683229814,0.00840834366409744
DOM,MEX,497,68442.2500000001,137.710764587525,0.0178963667134781,0.00726159645540583
CRI,GTM,614,37978.0833333334,61.853555917481,0.0193465040804109,0.0161672192514542
STP,GAB,22,2254.33333333334,102.469696969697,0.00356448476992871,0.0097589826999852
SEN,MRT,632,4392.58333333334,6.95029008438819,0.0463649035287213,0.143878886759879
MYS,PNG,111,17300.4166666667,155.85960960961,0.000753594851114098,0.00641603044242672
GRD,NIC,45,6216.66666666668,138.148148148148,0.0169939577039275,0.00723860589812331
FRA,MLT,61,9266.25000000002,151.905737704918,0.00140236332704952,0.00658302981249156
CMR,GNQ,1227,32595.1666666667,26.5649280086933,0.56027397260274,0.0376436179188121
DZA,LBY,51,7877.16666666668,154.454248366013,0.00278141361256544,0.00647440915726889
CRI,ECU,57,6539.50000000001,114.728070175439,0.00179601096511958,0.00871626271121644
AUS,PNG,367,42511.5833333334,115.835376930064,0.0637152777777778,0.00863294121798176
OMN,ERI,45,6187.58333333334,137.501851851852,0.00260748638312667,0.00727262932485757
KHM,PHL,76,11779.0833333334,154.987938596492,0.00427735254389914,0.00645211497782084
KHM,IDN,61,9487.41666666668,155.531420765028,0.00343313822602431,0.00642956899050496
DNK,LVA,400,53413.1666666667,133.532916666667,0.00792236086353733,0.00748879021714371
ESP,MLT,186,27059.6666666667,145.482078853047,0.00346207538389949,0.00687369886300643
BRN,THA,12,1808.41666666667,150.701388888889,0.000679232467311938,0.00663563891064927
HTI,BLZ,58,8776.41666666668,151.317528735632,0.00195095697803492,0.00660861969102803
MYS,PLW,15,1834.58333333334,122.305555555556,0.000101837142042446,0.00817624347036111
BRB,NIC,9,1412.83333333334,156.981481481482,0.00777873811581677,0.00637017812905508
HND,COL,4,672.416666666667,168.104166666667,9.20598388952819e-05,0.00594869252695501
HND,USA,111,10755.5,96.8963963963965,0.00255466052934407,0.0103203012412254
ITA,LBN,10,1630.16666666667,163.016666666667,0.000221758992327139,0.00613434209181064
SLV,PAN,12,1687.16666666667,140.597222222222,0.00149142431021626,0.00711251605255359
STP,AGO,1,170.916666666667,170.916666666667,0.00016202203499676,0.00585080448561676
ECU,GTM,2,267.75,133.875,0.000152800061120024,0.00746965452847806
HND,PAN,11,699.083333333334,63.5530303030304,0.000253164556962025,0.015734890928597
PRT,ITA,11,1721.08333333333,156.462121212121,0.000558290615642288,0.00639132329443664
ISL,GBR,6,897.583333333335,149.597222222223,0.0810810810810811,0.00668461609878376
SLV,COL,30,4730.08333333334,157.669444444445,0.00372856077554064,0.00634238297422525
HRV,LBY,3,471.500000000001,157.166666666667,0.000111860994071367,0.00636267232237538
SUR,USA,12,1840.33333333333,153.361111111111,0.000991735537190083,0.00652055786995109
SUR,PAN,10,1559.66666666667,155.966666666667,0.000826446280991735,0.00641162641590083
ATG,DMA,23,988.333333333334,42.9710144927537,0.0476190476190476,0.0232715008431703
SOM,LKA,7,765.333333333335,109.333333333334,0.000295795478554828,0.00914634146341462
MAR,MLT,2,272.833333333334,136.416666666667,6.17531725692408e-05,0.00733048259010383
SUR,COL,1,149.583333333333,149.583333333333,8.26446280991736e-05,0.00668523676880224
COL,CRI,6031,523419.916666668,86.788246835793,0.101187879601356,0.0115222975052376
SUR,GUY,9732,57464.9999999996,5.90474722564731,0.804297520661157,0.169355259723311
SEN,GMB,12606,40836.9999999966,3.23948913215902,0.924803756144083,0.308690648186719
THA,MMR,17380,325753.333333328,18.742999616417,0.418291215403129,0.0533532529725977
URY,ARG,38427,435386.250000015,11.3302170348977,0.702722966918421,0.088259562629731
MDG,TZA,7294,607595.750000001,83.3007608993695,0.211567467223576,0.0120046922645525
PNG,IDN,42018,1718806.50000004,40.9064329573051,0.484318268266538,0.0244460327558681
IDN,SGP,8866,162462.5,18.3242161064742,0.0866040205520933,0.0545725936754636
PHL,JPN,9014,1032767.08333333,114.573672435471,0.0714229117474605,0.00872800861439799
JAM,MEX,2474,257325,104.011721907842,0.183463107156099,0.00961430098124939
TUN,LBY,8453,278448.166666667,32.9407508182499,0.714056428450752,0.03035753512473
BHR,SAU,4933,42407.7500000001,8.59674640178392,0.370428775249681,0.116323077739328
HRV,BIH,6294,57909.3333333299,9.20072026268349,0.234684365561729,0.108687143120286
SVN,ITA,6540,46966.7499999999,7.1814602446483,0.700289110183103,0.139247446331714
NOR,RUS,12110,298200.166666667,24.6242912193779,0.512657691982051,0.0406103059410318
DNK,NOR,17744,1135810.58333333,64.0109661481814,0.351435927906516,0.0156223231763923
RUS,FIN,3887,71434.6666666668,18.3778406654661,0.0317357935989549,0.0544133567268925
MDG,SOM,8813,807167.416666663,91.5882692234952,0.255627102912171,0.0109184288389574
FRA,ITA,19879,1511346.00000002,76.0272649529664,0.457009517678974,0.0131531760430767
GBR,FRA,5158,512569.583333335,99.3737075093708,0.173751936939972,0.0100630239634131
DNK,DEU,8550,133190.333333334,15.5778167641326,0.169340463458111,0.0641938479018745
NIC,GTM,1163,58614.25,50.3991831470336,0.0340765917548126,0.0198415914218812
LBR,NGA,10,1454.33333333334,145.433333333334,0.0017061934823409,0.00687600275040109
IND,MMR,4908,607174.583333334,123.711202798153,0.161187559525764,0.00808334231162233
RUS,NOR,1078,6967.16666666668,6.46304885590601,0.00880143696930111,0.154725737387269
ESP,ITA,5976,750998.5,125.669093038822,0.111233131689158,0.00795740604009196
PNG,PHL,614,89388.8333333334,145.584419109664,0.0070772387242528,0.00686886691663574
USA,CUB,5,511.166666666668,102.233333333334,5.34856604944215e-05,0.00978154548418648
SOM,SAU,1704,238789.583333334,140.13473200313,0.0720050707796324,0.00713598967012447
ERI,SAU,1058,129168.25,122.087192816635,0.0844306120820366,0.0081908673377552
BEL,FRA,4655,12969.1666666667,2.78607232366631,0.26063829787234,0.358928227205552
THA,IND,2311,216564.666666667,93.7103706908987,0.0556197352587244,0.0106711775081808
SLB,VUT,2805,356469.500000001,127.083600713013,0.0490702027535294,0.00786883590321189
SAU,ARE,843,115199,136.653618030843,0.0238479164898583,0.00731777185565845
SUR,DOM,519,52305.4166666667,100.781149646757,0.0428925619834711,0.00992249050050583
LBY,ISR,88,10869.6666666667,123.51893939394,0.0241559154542959,0.00809592443803856
MLT,ALB,9,1137.16666666667,126.351851851852,0.00578034682080925,0.00791440715227905
GBR,SWE,829,113662.083333333,137.107458785686,0.0279256215050866,0.00729354922669169
BRN,VNM,161,20740.6666666667,128.824016563147,0.00911303560310183,0.00776252772331329
BRA,BRB,151,15021.25,99.4784768211921,0.0072269551067292,0.0100524257302155
ARG,BRA,30,2571.91666666667,85.7305555555556,0.00095565749235474,0.0116644525807601
LBR,GHA,114,6652.83333333334,58.358187134503,0.0194506056986862,0.0171355562792795
MAR,ITA,17,2675.41666666667,157.377450980392,0.000524901966838546,0.00635415044385609
DMA,ATG,62,1704.58333333334,27.4932795698925,0.0432960893854749,0.0363725250549987
GMB,GIN,45,6355.00000000001,141.222222222223,0.00587774294670846,0.00708103855232099
VUT,NZL,8,1198.16666666667,149.770833333333,0.00444938820912125,0.00667686743636111
GUY,JAM,4,538.500000000001,134.625,0.0201005025125628,0.00742804085422469
MRT,LBR,2,310.833333333334,155.416666666667,0.000321285140562249,0.00643431635388739
HTI,HND,58,7292.75000000001,125.737068965517,0.00195095697803492,0.00795310411024646
PNG,WSM,9,1431.91666666667,159.101851851852,0.000103738026902728,0.00628528196473257
MOZ,KEN,58,3937.58333333334,67.889367816092,0.00507747526919373,0.0147298469873653
GMB,LBR,9,1495,166.111111111111,0.00117554858934169,0.0060200668896321
LBR,GIN,31,3530.16666666667,113.876344086022,0.00528919979525678,0.00878145507766393
GMB,GHA,5,808.333333333334,161.666666666667,0.000653082549634274,0.00618556701030927
GEO,ROU,1,111.916666666667,111.916666666667,0.00015389350569406,0.00893521965748322
GTM,ECU,2,341.833333333334,170.916666666667,0.000171836068390755,0.00585080448561676
BEL,SWE,13,1819.33333333334,139.948717948718,0.000727883538633819,0.00714547453279588
JPN,VNM,2,318.833333333334,159.416666666667,0.000146402166752068,0.00627286983795085
LTU,SWE,2,215.833333333334,107.916666666667,0.000240558094779889,0.00926640926640925
CUB,PRT,3,524.416666666667,174.805555555556,0.000838926174496644,0.00572064198315588
ITA,CYP,2,342.833333333334,171.416666666667,4.43517984654278e-05,0.0058337384540593
CAN,PRT,1,166.916666666667,166.916666666667,8.84572176666755e-06,0.00599101347978032
MRT,GIN,1,131.916666666667,131.916666666667,0.000160642570281125,0.00758054327226783
DNK,FIN,3,450.750000000001,150.25,5.941770647653e-05,0.00665557404326122
SLE,GNQ,7,1191.16666666667,170.166666666667,0.00068159688412853,0.0058765915768854
CRI,CUB,3,419.5,139.833333333333,9.45268929010303e-05,0.00715137067938021
MRT,GHA,1,142.916666666667,142.916666666667,0.000160642570281125,0.00699708454810494
DMA,GTM,1,178.916666666667,178.916666666667,0.000698324022346369,0.00558919422449929
GNQ,CMR,10070,206188.583333326,20.475529625951,0.812621045836023,0.0488387855292684
SDN,ERI,4818,48312.2499999999,10.0274491490245,0.737938428549548,0.0997262599030268
MAR,ESP,27022,774400.249999984,28.6581396639769,0.834347114583012,0.0348941003053661
ESP,PRT,8998,94589.5833333337,10.5122897680967,0.167482550023267,0.0951267537387394
UKR,RUS,16116,1248158.08333334,77.4483794572684,0.512318402899196,0.012911826006014
FRA,ESP,15841,836616.249999993,52.8133482734671,0.364177663340843,0.0189346071152696
SWE,NOR,15436,251484.166666662,16.2920553684026,0.345858259953844,0.0613796097169813
SWE,FIN,11213,818944.333333331,73.0352566960965,0.251237928793888,0.0136920173247429
STP,NGA,267,38738.1666666667,145.086766541823,0.0432598833441348,0.00689242736491573
LKA,IND,2098,183938.25,87.6731410867494,0.574794520547945,0.0114060017424326
FJI,VUT,1282,175201.333333334,136.66250650026,0.996889580093313,0.00731729591099001
ARE,QAT,1087,6486.91666666667,5.96772462434836,0.0653520110623459,0.167568053646442
ITA,ESP,974,111658.166666667,114.638774811773,0.0215993258526633,0.00872305205321598
SWE,DEU,682,36573,53.6260997067449,0.0152808585960431,0.0186476362343805
ATG,DOM,275,27512.3333333334,100.044848484849,0.56935817805383,0.00999551716200006
LKA,MMR,514,69263.7500000001,134.754377431907,0.140821917808219,0.00742090920575336
HTI,USA,332,46557.8333333334,140.234437751004,0.0111675468397861,0.00713091602916802
ALB,LBY,259,36132.9166666667,139.509330759331,0.0129396482813749,0.00716797933555506
TZA,SOM,13830,282796.916666666,20.4480778500843,0.428292713139884,0.0489043521514114
HND,BLZ,12229,459934.250000004,37.610127565623,0.281449942462601,0.0265885830420324
PHL,VNM,14695,1687742.75000001,114.851497107861,0.116436619495111,0.00870689564508565
CYP,LBN,2662,187538.916666667,70.4503819183572,0.310545963602427,0.0141943872094103
VUT,PNG,770,109323.5,141.978571428572,0.42825361512792,0.00704331639583437
IND,OMN,486,62313.0000000001,128.216049382716,0.0159611153075635,0.00779933561215155
IND,PAK,2298,185431.083333334,80.6923774296491,0.0754704587999606,0.0123927442944885
BIH,ITA,922,62840.75,68.1569956616053,0.0922830547492743,0.0146720082112324
NAM,ZAF,290,580.500000000001,2.00172413793104,0.0643443532283115,0.499569336778639
KWT,ARE,332,46974.0833333334,141.488202811245,0.0314126218185259,0.00706772706226305
HTI,PAN,72,8197.50000000001,113.854166666667,0.00242187762790541,0.00878316559926805
SAU,SOM,130,13717.5,105.519230769231,0.00367761464256415,0.00947694550756332
CUB,NIC,13,1780.25,136.942307692308,0.00363534675615213,0.00730234517623928
DMA,JAM,75,10692,142.56,0.0523743016759777,0.00701459034792367
LBN,CYP,101,9600.58333333335,95.055280528053,0.0219660722053067,0.0105201940854288
STP,LBR,4,642.583333333334,160.645833333334,0.000648088139987038,0.00622487355725586
SYR,GRC,104,10771.25,103.569711538462,0.0291970802919708,0.00965533248230241
KHM,MYS,20,1745.91666666667,87.2958333333334,0.00112561909049977,0.011455300462985
DOM,CRI,85,11237.3333333333,132.203921568628,0.00306074682222462,0.00756407214048409
MAR,PRT,32,4375.25000000001,136.7265625,0.000988050761107852,0.00731386777898404
MEX,CRI,8,1234.75,154.34375,0.000392387679026879,0.0064790443409597
SLB,FJI,21,3367.91666666667,160.376984126984,0.000367370501898081,0.00623530867252257
ROU,RUS,6,920.916666666668,153.486111111111,0.000659413122321134,0.00651524748891502
IDN,VUT,6,1039,173.166666666667,5.86086310977397e-05,0.00577478344562078
STP,GHA,12,1794.91666666667,149.576388888889,0.00194426441996111,0.0066855471470356
BEN,CMR,16,1974.16666666667,123.385416666667,0.00139555167902311,0.008104685521317
NIC,JAM,9,893.250000000001,99.2500000000001,0.00026370535321867,0.0100755667506297
MLT,ISR,15,2514.75,167.65,0.00963391136801541,0.00596480763495376
ARE,DJI,3,508.750000000001,169.583333333334,0.000180364335958636,0.00589680589680588
STP,BRA,4,679.166666666667,169.791666666667,0.000648088139987038,0.00588957055214724
BRA,NIC,1,174.916666666667,174.916666666667,4.78606298458888e-05,0.0057170080990948
SUR,BLZ,4,641.416666666668,160.354166666667,0.000330578512396694,0.00623619592048849
FRA,PRT,3,431.666666666667,143.888888888889,6.89686882155501e-05,0.00694980694980694
HTI,COL,2,144.833333333333,72.4166666666667,6.72743785529281e-05,0.0138089758342923
TZA,MDG,1,50.1666666666667,50.1666666666667,3.09683812827104e-05,0.0199335548172757
CHN,SGP,1,111.666666666667,111.666666666667,1.66030217499585e-05,0.00895522388059699
BEN,NGA,9102,30373,3.33695891012965,0.793894461404274,0.299674052612517
GNQ,NGA,958,97916.6666666668,102.209464161448,0.0773079406068431,0.00978382978723403
TZA,MOZ,3407,25839.6666666634,7.58428725173566,0.105509275030194,0.131851546072593
IDN,MYS,48883,1475160.75000003,30.1773776159407,0.477494285658468,0.0331374055335996
MEX,USA,7571,317090.166666668,41.8822040241273,0.371345889739062,0.0238764893897161
KOR,JPN,44579,3970320.16666658,89.0625668289235,0.9936031738956,0.011228061750352
RUS,JPN,61248,5259712.41666672,85.8756598854937,0.500065316786414,0.0116447431243428
RUS,EST,5216,132500.75,25.4027511503068,0.0425865447419987,0.0393658149104816
RUS,POL,2886,9556.58333333334,3.31135943635944,0.0235630306988896,0.301990774248118
DNK,POL,4322,311061.750000001,71.9717144840353,0.0856011091305209,0.013894347344217
BIH,HRV,6101,48679.2499999999,7.97889690214717,0.610649584626164,0.1253306080106
DZA,MAR,3385,14724.8333333333,4.35002461841457,0.184609511343805,0.229883756465834
GRC,LBN,1956,287394.833333335,146.929873892298,0.0376646383732573,0.00680596786418681
PLW,IDN,634,69087.0833333334,108.97016298633,0.293518518518519,0.00917682393597451
CHN,KOR,6759,831810.916666666,123.06715737042,0.112219824007969,0.0081256447403762
CRI,NIC,5781,30978.0000000001,5.35858847950183,0.182153322620285,0.186616308347859
PLW,PHL,1497,137136.333333334,91.6074370964152,0.693055555555556,0.0109161442749186
PER,ECU,9256,287048.33333333,31.0121362719674,0.935800222424426,0.0322454406633033
ITA,GRC,4246,520929.083333336,122.687019155284,0.0941588681421032,0.00815082155296567
NOR,SWE,4259,34829.5833333334,8.17787821867419,0.180298027262721,0.122281106817719
TUN,DZA,2979,24235.3333333301,8.13539218977176,0.251647237709073,0.122919704013441
QAT,OMN,368,36361.3333333334,98.8079710144928,0.0182521575240552,0.0101206409739283
COL,HND,2314,259823.416666668,112.283239700375,0.0388242005301836,0.00890604869140288
HND,MEX,7416,271676,36.6337648327939,0.170678941311853,0.0272972216905432
OMN,SOM,188,21565.5,114.710106382979,0.0108934986672847,0.00871762769237902
SLV,MEX,644,60980.1666666667,94.6896997929607,0.0800397713149391,0.0105608107554095
BLZ,HND,160,3095.75,19.3484375,0.0454416358988924,0.0516837599935395
DEU,NLD,2358,14380.9166666667,6.09877721232684,0.0531787735955436,0.163967294620765
VNM,THA,11347,1226591.08333334,108.098271202374,0.224706418203062,0.0092508417468386
BEN,TGO,2101,3953.33333333333,1.88164366174837,0.183253379851723,0.531450252951096
STP,CMR,825,98540.7500000001,119.443333333334,0.133668178872327,0.00837217090391537
LTU,RUS,824,3860.5,4.68507281553398,0.0991099350493144,0.213443854423002
PHL,PNG,473,66477.6666666667,140.54474982382,0.00374784083165618,0.00711517151123434
IDN,LKA,939,108428.666666667,115.472488462904,0.00917225076679626,0.00866007144482085
DOM,USA,107,15949.8333333333,149.063862928349,0.00385294011738864,0.0067085340494676
FRA,GBR,385,31944.4166666667,82.9725108225109,0.00885098165432893,0.0120521843932038
FRA,DNK,308,38854.75,126.151785714286,0.00708078532346315,0.00792695873734871
PHL,PLW,105,11874.1666666667,113.087301587302,0.00083197312330634,0.00884272580531966
MMR,IDN,305,37001.5833333334,121.316666666667,0.00904695518049417,0.00824289050693775
PAN,JAM,183,16393.0833333334,89.5796903460839,0.00634139580012475,0.0111632446611121
BRB,ATG,40,2134.33333333333,53.3583333333334,0.0345721694036301,0.0187412150554428
IDN,CHN,15,2416.58333333334,161.105555555556,0.000146521577744349,0.00620711059002034
COL,HTI,97,6566.41666666667,67.6950171821306,0.00162746216569914,0.0147721359950252
HTI,CRI,108,13446.9166666667,124.508487654321,0.00363281644185812,0.00803158096961508
SUR,MEX,82,12504,152.487804878049,0.00677685950413223,0.00655790147152911
MEX,PAN,32,5250.00000000001,164.0625,0.00156955071610751,0.00609523809523809
SUR,GRD,91,4094,44.989010989011,0.00752066115702479,0.0222276502198339
MEX,COL,51,8450.00000000002,165.686274509804,0.00250147145379635,0.00603550295857987
DOM,PAN,35,4437.58333333334,126.788095238095,0.00126030751503367,0.00788717582768398
TZA,ZAF,27,3204.75,118.694444444445,0.00083614629463318,0.00842499414930961
FRA,GRC,3,462.750000000001,154.25,6.89686882155501e-05,0.00648298217179901
DNK,EST,22,3214.41666666667,146.109848484849,0.000435729847494553,0.00684416560806781
BEN,GHA,57,1397.75,24.5219298245614,0.00497165285651984,0.0407798247182972
BGD,SOM,9,1444,160.444444444445,0.000645392613840086,0.00623268698060941
GRC,MLT,6,1018.83333333334,169.805555555556,0.000115535700531464,0.0058890888270898
MLT,SYR,3,519.750000000001,173.25,0.00192678227360308,0.00577200577200576
TUN,FRA,10,1475.83333333334,147.583333333334,0.000844737286703835,0.00677583286278938
TTO,GTM,9,1409,156.555555555556,0.000467508181393174,0.00638750887154009
MEX,SLV,6,630.500000000001,105.083333333334,0.000294290759270159,0.00951625693893734
IRL,NOR,5,857.416666666668,171.483333333334,0.00016677228911644,0.00583147050247837
ESP,GRC,2,312.833333333334,156.416666666667,3.72266170311773e-05,0.00639318060735215
GRD,ATG,1,31.9166666666667,31.9166666666667,0.000377643504531722,0.031331592689295
GRD,GTM,1,126.916666666667,126.916666666667,0.000377643504531722,0.00787918581746551
TTO,ATG,2,84.8333333333334,42.4166666666667,0.000103890706976261,0.0235756385068762
DOM,COL,1,106.166666666667,106.166666666667,3.60087861438191e-05,0.0094191522762951
ISR,SDN,1,164.416666666667,164.416666666667,0.000114692051840807,0.0060821084642676
TUN,ISR,1,172.916666666667,172.916666666667,8.44737286703835e-05,0.00578313253012047
CRI,MEX,2771,301998.166666667,108.985264044268,0.0873113400762517,0.00917555239021868
SGP,THA,393,53049.7500000001,134.986641221374,0.0607794618001856,0.0074081404719155
MYS,BRN,15173,49629.999999993,3.27094180452073,0.103011663747335,0.305722345355675
USA,MEX,14414,381981.583333327,26.500734239859,0.154188462073318,0.0377348035321953
PAK,IND,11230,289436.333333331,25.7734936182841,0.949682875264271,0.0387995517724685
ALB,GRC,10316,157363.333333333,15.2542975313429,0.515387689848122,0.0655552966595352
DZA,TUN,6256,259308.083333334,41.4495018115943,0.341186736474695,0.0241257423200266
FIN,NOR,6876,36576.4166666668,5.31943232499517,0.4066954515881,0.187989984438971
LKA,IDN,832,123543.5,148.489783653846,0.227945205479452,0.00673447004496391
JAM,CUB,9111,679345.083333333,74.5631745509091,0.675639599555061,0.0134114461464786
TTO,USA,446,66991.0833333334,150.204222720478,0.0231676276557062,0.00665760244211605
LTU,LVA,7412,44632.4999999966,6.02165407447336,0.89150829925427,0.166067327620021
SLB,AUS,12695,1790701.83333335,141.055678088487,0.222084215314102,0.00708939911920935
ITA,ALB,873,94446.5833333335,108.186235204277,0.0193595600301592,0.00924332007775117
MOZ,ZAF,3276,221931,67.7445054945055,0.286789810032391,0.0147613447422848
PER,CHL,168,338.333333333334,2.01388888888889,0.0169851380042463,0.49655172413793
ERI,SDN,7255,307618.166666668,42.4008499885138,0.578964168861224,0.0235844328656358
PAN,HND,1076,122363.5,113.720724907063,0.0372860212072909,0.00879347190951549
LBN,ISR,1834,11612.5833333333,6.33183387858961,0.398869073510222,0.157932128222976
CUB,BLZ,99,10499.0833333334,106.051346801347,0.0276845637583893,0.00942939462968988
SOM,ERI,1773,189006.25,106.602509870277,0.0749207690682442,0.00938064217453124
SLV,NIC,623,10032.25,16.1031300160514,0.0774297787720607,0.0620997283759874
MEX,GTM,1934,7495.58333333334,3.87568941744226,0.0948597214047479,0.258018610959787
NLD,DNK,2268,224245.5,98.8736772486774,0.105307145842039,0.0101139153294046
HND,NIC,3505,36469.2500000001,10.4049215406562,0.0806674338319908,0.0961083652666286
GRD,USA,23,3661.91666666667,159.213768115942,0.00868580060422961,0.0062808638463464
SOM,SDN,992,133245.083333334,134.31964045699,0.0419184449609127,0.00744492761146282
NLD,GBR,227,9759.83333333334,42.9948604992658,0.0105400009286344,0.0232585938967537
GRD,PAN,27,3689.00000000001,136.62962962963,0.0101963746223565,0.00731905665492002
COL,JAM,941,69773.7500000001,74.1485122210415,0.0157880608033287,0.0134864472670596
BGD,LKA,500,46039.8333333334,92.0796666666668,0.0358551452133381,0.0108601609475852
TTO,PAN,462,53979.0000000001,116.837662337663,0.0239987533115163,0.00855888401044849
GIN,LBR,207,29267.1666666667,141.387278582931,0.0392045454545455,0.00707277210526016
MYS,LKA,466,59671.0000000001,128.049356223176,0.00316374054611865,0.00780948869635165
PER,PAN,208,27258.75,131.051682692308,0.0210292184814478,0.00763057733755215
PER,COL,255,25795.8333333334,101.160130718954,0.0257810130421595,0.00988531739622031
MLT,CYP,7,1185.5,169.357142857143,0.00449582530507386,0.00590468156895824
VNM,KOR,189,28882.9166666667,152.819664902998,0.00374279660177832,0.00654366046826987
OMN,LKA,16,2738.16666666667,171.135416666667,0.000927106269556148,0.00584332582628279
AGO,GNQ,132,18230.5833333334,138.11047979798,0.0583038869257951,0.00724058016062751
MYS,CHN,223,32808.2500000001,147.122197309417,0.00151397884503103,0.00679707085870169
TGO,GNQ,155,20144.0833333334,129.961827956989,0.0168643237950169,0.00769456705649714
PAN,HTI,16,1424.5,89.0312500000001,0.000554438977060087,0.0112320112320112
ECU,MEX,12,1640,136.666666666667,0.000916800366720147,0.00731707317073169
OMN,DJI,97,10405.9166666667,107.277491408935,0.00562058175918415,0.00932161991174891
SUR,NIC,8,1235.66666666667,154.458333333334,0.000661157024793388,0.00647423792824386
GIN,GHA,70,10831.8333333333,154.740476190476,0.0132575757575758,0.00646243325998984
MEX,ECU,12,2059.83333333334,171.652777777778,0.000588581518540318,0.00582571405453515
MLT,ITA,15,1943.25,129.55,0.00963391136801541,0.00771902740254727
LBR,STP,4,670,167.5,0.000682477392936359,0.00597014925373134
DOM,GTM,5,798.166666666668,159.633333333334,0.000180043930719095,0.00626435581541031
GAB,AGO,6,480,80.0000000000001,0.000257102455328448,0.0125
CHN,THA,5,772.666666666668,154.533333333334,8.30151087497925e-05,0.00647109577221742
OMN,QAT,8,1316.83333333333,164.604166666667,0.000463553134778074,0.00607518035691684
BRB,USA,3,455.083333333334,151.694444444445,0.00259291270527226,0.00659219923091008
TTO,COL,9,790.083333333335,87.7870370370372,0.000467508181393174,0.0113912034595507
IDN,SOM,9,1465.66666666667,162.851851851852,8.79129466466095e-05,0.00614055037525585
ISL,CAN,3,296.333333333334,98.7777777777779,0.0405405405405405,0.0101237345331833
BRB,PAN,3,442.750000000001,147.583333333334,0.00259291270527226,0.00677583286278937
GRD,COL,1,90.9166666666667,90.9166666666667,0.000377643504531722,0.0109990834097159
GUY,CRI,1,178.916666666667,178.916666666667,0.0050251256281407,0.00558919422449929
EST,POL,3,415.166666666667,138.388888888889,0.000202922077922078,0.00722601364913689
PLW,VNM,1,167.166666666667,167.166666666667,0.000462962962962963,0.00598205383848454
COL,MEX,13616,1416175.33333334,104.008176654916,0.22844870977484,0.00961462869710575
BRA,URY,18092,28944.3333333337,1.59984155059329,0.86589451517182,0.625061900429552
ZAF,NAM,7816,12587.4166666633,1.61046784373891,0.987616881475866,0.620937576548172
SOM,KEN,4785,68126.08333333,14.237425983977,0.202197337840693,0.0702374151848384
IRL,GBR,29786,1245644.5,41.8197978916269,0.993495880724459,0.0239121193887983
PRT,ESP,13141,462029.000000005,35.1593486036074,0.66695427092321,0.0284419376272915
GBR,NLD,1663,163587.416666667,98.3688614952898,0.05601967257293,0.0101658185811969
UKR,ROU,8056,265526.166666667,32.9600504799735,0.256095622595925,0.0303397593583055
LVA,LTU,3155,10122.6666666667,3.20845219228738,0.234816909794582,0.311676765015806
BEL,NLD,12820,27322.9999999969,2.1312792511698,0.717805151175812,0.469201771401437
POL,RUS,6440,38034.5,5.90597826086956,0.449250087199163,0.169319959510445
PAN,NIC,1549,147284.083333334,95.0833333333335,0.0536766234666297,0.0105170902716915
LKA,BGD,12,1584.5,132.041666666667,0.00328767123287671,0.00757336699274218
MUS,MDG,1705,166257.666666667,97.5118279569894,0.969852104664391,0.0102551661778003
GAB,STP,393,17217.1666666667,43.8095843935539,0.0168402108240134,0.0228260553904533
OMN,PAK,2488,208727.416666667,83.893656216506,0.144165024915981,0.0119198524071866
SWE,LVA,3334,382257.000000001,114.654169166167,0.0747014407026506,0.00872188082886641
POL,LTU,786,57859,73.6119592875319,0.0548308336239972,0.0135847491315094
WSM,VUT,322,52057.5000000001,161.669254658385,0.29953488372093,0.00618546799212409
ITA,MNE,617,59362.6666666667,96.2117774176122,0.0136825298265845,0.0103937379273168
SLV,HND,315,3601.25,11.4325396825397,0.0391498881431767,0.0874696286011801
PHL,THA,698,109168.333333334,156.401623686724,0.00553064038159834,0.00639379551457229
BLZ,MEX,240,2664.41666666667,11.1017361111111,0.0681624538483385,0.0900760016263721
HTI,DOM,1868,17214.75,9.21560492505355,0.0628342695684349,0.108511596160269
MUS,TZA,11,1362.41666666667,123.856060606061,0.00625711035267349,0.00807388831121168
MNE,ITA,2000,175433.333333334,87.7166666666668,0.198117880138683,0.0114003420102603
DEU,RUS,114,12179.75,106.839912280702,0.00257098396517895,0.00935979802541102
JAM,CRI,189,19881.9166666667,105.19532627866,0.0140155728587319,0.00950612575078693
SUR,HTI,184,19443.8333333334,105.673007246377,0.0152066115702479,0.00946315455628604
AGO,CMR,27,3621.08333333334,134.114197530864,0.0119257950530035,0.00745633212896692
ALB,BIH,240,17152.5833333334,71.4690972222223,0.0119904076738609,0.0139920614484698
FRA,DEU,65,7096.66666666667,109.179487179487,0.00149432157800359,0.00915922968529826
GUY,TTO,128,2198.83333333334,17.1783854166667,0.64321608040201,0.0582126885469567
DEU,LTU,71,9241.00000000001,130.154929577465,0.00160122685550619,0.00768315117411535
GRC,HRV,530,54664.7500000001,103.141037735849,0.010205653546946,0.00969546188357213
FRA,NOR,139,19470.6666666667,140.076738609113,0.00319554922065382,0.00713894405259193
MUS,SOM,19,2490.75,131.092105263158,0.0108077360637088,0.00762822443039244
UKR,GEO,61,9138.08333333335,149.804644808744,0.00193915503703468,0.00667536044210583
GUY,CUB,6,824.000000000001,137.333333333333,0.0301507537688442,0.00728155339805825
TGO,CMR,29,3729.16666666667,128.591954022989,0.00315526058100316,0.00777653631284915
PHL,SLB,2,303.75,151.875,1.5847107110597e-05,0.0065843621399177
ISR,GRC,5,541.000000000001,108.2,0.000573460259204037,0.00924214417744916
LVA,RUS,1,170.916666666667,170.916666666667,7.44269127716582e-05,0.00585080448561676
CRI,JAM,6,673.666666666667,112.277777777778,0.000189053785802061,0.00890648193963384
GHA,STP,10,1503.83333333334,150.383333333334,0.000658631364025555,0.00664967305774132
AUS,NZL,2,324.833333333334,162.416666666667,0.000347222222222222,0.00615700359158542
SUR,HND,8,1204.25,150.53125,0.000661157024793388,0.00664313888312227
ROU,GEO,2,277.833333333334,138.916666666667,0.000219804374107045,0.00719856028794239
SUR,DMA,2,167.5,83.7500000000001,0.000165289256198347,0.0119402985074627
ATG,USA,1,172.833333333333,172.833333333333,0.0020703933747412,0.00578592092574736
NIC,CRI,9912,54191.5833333334,5.46727031207964,0.290427495678162,0.182906632179966
PAN,COL,9076,713076.333333331,78.5672469516672,0.314505509737335,0.0127279501166075
BLZ,GTM,3118,12742.5833333333,4.08678105623263,0.885543879579665,0.244691356409938
VNM,MYS,3148,224099.416666667,71.1878706056756,0.0623403370497257,0.0140473368776432
MAR,DZA,5256,85005.2500000002,16.1729927701675,0.162287337511965,0.0618314751147722
PRT,MAR,5201,419508.250000002,80.6591520861377,0.26396995381414,0.0123978491483778
ESP,FRA,7993,264206.833333334,33.0547770966263,0.1487761749651,0.0302528132946346
ESP,DZA,12081,880887.249999994,72.9150939491759,0.224867380176826,0.0137145815199392
ITA,FRA,13243,752900.916666661,56.85274610486,0.29367543353883,0.0175892998757806
USA,RUS,8448,326449.833333331,38.6422624684341,0.0903693719713745,0.0258784019392466
DEU,POL,12074,264360.749999996,21.8950430677485,0.272298775399743,0.0456724381361461
RUS,USA,6046,288961.666666667,47.7938581982579,0.0493631613324624,0.0209231905039307
IDN,THA,4702,561708.000000002,119.461505742238,0.045929630570262,0.00837089733455815
LVA,EST,10218,378718.750000003,37.0638823644552,0.760494194700804,0.0269804439310172
COL,ECU,1539,55372.0000000001,35.9792072774529,0.0258212811650616,0.0277938308170194
RUS,BGR,583,74868.3333333335,128.419096626644,0.00475996080992815,0.00778700385120544
NOR,DNK,2241,136359.083333333,60.8474267440132,0.0948691897383795,0.0164345487313215
THA,IDN,6420,844936.833333332,131.610098650052,0.154512635379061,0.00759820112785553
VNM,CHN,22086,1736250.16666669,78.6131561471834,0.437372517179238,0.0127205171374592
IND,IDN,785,104999.333333334,133.75711252654,0.0257808138198299,0.00747623794436789
ROU,UKR,3785,14949.8333333333,3.94975781594011,0.415979777997582,0.253180080045486
BRA,DOM,941,134964.333333334,143.426496634786,0.0450368526849813,0.00697221241167418
TTO,HTI,2648,213868.666666667,80.7661127895267,0.13755129603657,0.0123814303482199
SOM,OMN,1215,141173.25,116.191975308642,0.0513416437777308,0.00860644633455699
BRB,DMA,210,8807.41666666667,41.9400793650794,0.181503889369058,0.0238435409550663
PAN,USA,200,25949.8333333334,129.749166666667,0.00693048721325109,0.00770717859459598
THA,PHL,569,78829.6666666668,138.54071470416,0.0136943441636582,0.00721809471053621
SDN,SAU,1675,196947.083333334,117.580348258707,0.25654771021596,0.00850482257289921
COL,GTM,411,54914.0000000001,133.610705596107,0.00689574175363243,0.007484430199949
NGA,GNQ,2197,208596.166666667,94.9459110908816,0.167237573266347,0.0105323124346325
IDN,AUS,2727,329115.750000001,120.687843784379,0.0266376228339227,0.00828583864491441
PAK,OMN,556,56487.9166666667,101.596972422062,0.0470190274841438,0.00984281299097888
DOM,JAM,412,32322.0833333334,78.4516585760519,0.0148356198912535,0.0127467031054619
PAN,SLV,112,7379.58333333334,65.889136904762,0.00388107283942061,0.0151770086386991
LBY,CYP,13,2011.91666666667,154.762820512821,0.00356848751029371,0.00646150022780929
GRD,HTI,465,47579.5000000001,102.321505376344,0.175604229607251,0.00977311657331412
PLW,JPN,12,1811.83333333334,150.986111111111,0.00555555555555556,0.00662312574740134
TTO,HND,237,32585.0833333334,137.489803094234,0.0123110487766869,0.00727326665319764
ERI,OMN,62,9040.50000000001,145.814516129033,0.00494772963051632,0.0068580277639511
FRA,DZA,483,63070.9166666668,130.581608005521,0.0111039588027036,0.00765804629973402
ITA,DZA,305,30754.7500000001,100.83524590164,0.00676364926597774,0.00991716726684495
IDN,SLB,144,19382.4166666667,134.600115740741,0.00140660714634575,0.0074294141167467
BRB,HTI,140,17638.8333333334,125.991666666667,0.121002592912705,0.00793703287254447
ALB,HRV,1053,85174.3333333335,80.8873061095285,0.0526079136690647,0.0123628792711419
GRC,BIH,104,10424.1666666667,100.232371794872,0.00200261880921205,0.00997681669198176
BIH,ALB,34,4065.25000000001,119.566176470588,0.00340306275648083,0.00836356927618227
PNG,PLW,51,6406.50000000001,125.617647058824,0.00058784881911546,0.00796066494966049
POL,EST,101,13231.6666666667,131.006600660066,0.00704569236135333,0.00763320317420329
MAR,FRA,3,516.750000000001,172.25,9.26297588538611e-05,0.00580551523947749
GRD,HND,17,2548.33333333334,149.901960784314,0.00641993957703928,0.0066710268149117
FRA,SWE,21,2860.91666666667,136.234126984127,0.000482780817508851,0.00734030468090064
DMA,CRI,11,1775.58333333334,161.416666666667,0.00768156424581006,0.00619514713474444
ITA,ISR,3,492.750000000001,164.25,6.65276976981417e-05,0.00608828006088279
TUN,GRC,16,2398.66666666667,149.916666666667,0.00135157965872614,0.00667037242912728
FJI,SLB,2,336.166666666667,168.083333333334,0.0015552099533437,0.00594942984630639
BRB,HND,4,628.5,157.125,0.00345721694036301,0.00636435958631663
BHR,OMN,31,2861.91666666667,92.3198924731184,0.00232785161823234,0.0108319016975803
GTM,CRI,13,1909,146.846153846154,0.00111693444453991,0.00680984808800418
TTO,DMA,3,120.916666666667,40.3055555555556,0.000155836060464391,0.0248104755341144
BRA,GUY,3,346.833333333334,115.611111111111,0.000143581889537666,0.00864968765016817
OMN,KEN,1,164.916666666667,164.916666666667,5.79441418472592e-05,0.00606366851945426
SUR,BRB,1,97.75,97.75,8.26446280991736e-05,0.010230179028133
DNK,NLD,1,63.9166666666667,63.9166666666667,1.98059021588433e-05,0.015645371577575
BRA,SUR,2,221.666666666667,110.833333333334,9.57212596917775e-05,0.00902255639097743
NOR,GBR,1,150.916666666667,150.916666666667,4.23334180001693e-05,0.00662617338487022
LVA,POL,1,179.916666666667,179.916666666667,7.44269127716582e-05,0.00555812876331634
